well_id,operator_name,basin,formation,production_date,oil_bbl,gas_mcf,water_bbl,status
OK-1011,Crawley Petroleum,Anadarko,Osage,2025-04-01,2888.7,6085.66,2663.06,active
OK-1015,Kirkpatrick Oil,SCOOP,Osage,2023-09-01,7619.05,19051.22,4703.83,active
OK-1020,Kirkpatrick Oil,Anadarko,Woodford,2023-11-01,8009.82,26962.31,4093.12,active
OK-1016,Crawley Petroleum,STACK,Woodford,2024-01-01,6649.95,18960.77,4402.63,active
OK-1029,Casillas Petroleum,Anadarko,Springer,2023-08-01,7278.16,24628.08,1325.42,active
OK-1017,Comanche Resources,Anadarko,Springer,2023-05-01,7134.44,19945.86,3054.67,active
OK-1027,Comanche Resources,SCOOP,Osage,2024-07-01,2644.02,9519.48,1711.05,active
OK-1027,Comanche Resources,SCOOP,Osage,2024-09-01,2664.19,8874.9,1951.71,active
OK-1029,Casillas Petroleum,Anadarko,Springer,2025-04-01,2768.94,9845.06,534.14,active
OK-1025,Kirkpatrick Oil,STACK,Springer,2024-11-01,2478.27,5437.82,1553.72,active
OK-1029,Casillas Petroleum,Anadarko,Springer,2023-05-01,7658.16,23812.51,1370.73,active
OK-1016,Crawley Petroleum,STACK,Woodford,2023-06-01,8090.46,23366.69,4545.35,active
OK-1017,Comanche Resources,Anadarko,Springer,2024-11-01,3694.39,9646.21,2625.49,active
OK-1004,Casillas Petroleum,STACK,Woodford,2024-04-01,5603.12,15779.24,5636.22,active
OK-1010,Kirkpatrick Oil,STACK,Meramec,2023-06-01,5462.44,11522.08,2942.73,active
OK-1012,Comanche Resources,SCOOP,Woodford,2024-05-01,2768.92,8672.98,974.84,active
OK-1009,Casillas Petroleum,SCOOP,Springer,2023-11-01,4723.43,15294.34,2622.49,active
OK-1013,Mewbourne Oil,STACK,Springer,2025-04-01,4005.34,12212.58,3691.34,active
OK-1025,Kirkpatrick Oil,STACK,Springer,2023-12-01,3529.49,6674.24,2128.42,active
OK-1024,Casillas Petroleum,SCOOP,Woodford,2025-05-01,0.0,0.0,0.0,inactive
OK-1001,Crawley Petroleum,STACK,Springer,2024-08-01,4485.63,9306.95,5437.05,active
OK-1001,Crawley Petroleum,STACK,Springer,2025-10-01,3518.5,6024.35,4283.65,active
OK-1013,Mewbourne Oil,STACK,Springer,2024-06-01,6022.83,19438.36,4518.06,active
OK-1010,Kirkpatrick Oil,STACK,Meramec,2025-05-01,3386.4,6953.26,2292.09,active
OK-1014,Casillas Petroleum,Anadarko,Meramec,2025-01-01,5167.21,11856.34,3374.51,active
OK-1027,Comanche Resources,SCOOP,Osage,2024-03-01,3239.19,11849.62,2262.75,active
OK-1023,Mewbourne Oil,Anadarko,Osage,2023-09-01,7540.41,15870.47,5416.59,active
OK-1010,Kirkpatrick Oil,STACK,Meramec,2023-12-01,5005.66,10680.08,3235.68,active
OK-1028,Mewbourne Oil,STACK,Woodford,2024-10-01,6415.55,15046.39,3964.36,active
OK-1021,Crawley Petroleum,SCOOP,Springer,2023-04-01,5451.8,12292.07,2716.71,active
OK-1018,Mewbourne Oil,SCOOP,Meramec,2023-09-01,6283.38,14261.37,1498.1,active
OK-1018,Mewbourne Oil,SCOOP,Meramec,2025-08-01,1723.6,4227.99,594.7,active
OK-1001,Crawley Petroleum,STACK,Springer,2024-03-01,5533.24,10538.07,5273.27,active
OK-1007,Comanche Resources,STACK,Osage,2025-03-01,5425.97,12472.22,5499.59,active
OK-1004,Casillas Petroleum,STACK,Woodford,2025-08-01,3668.27,9197.69,4959.99,active
OK-1017,Comanche Resources,Anadarko,Springer,2023-06-01,7326.81,18403.47,4293.67,active
OK-1021,Crawley Petroleum,SCOOP,Springer,2023-05-01,5424.89,11765.11,2445.45,active
OK-1002,Comanche Resources,Anadarko,Meramec,2024-04-01,4817.95,15639.69,1373.6,active
OK-1008,Mewbourne Oil,Anadarko,Woodford,2024-11-01,1828.66,3863.53,671.82,active
OK-1029,Casillas Petroleum,Anadarko,Springer,2025-09-01,2684.06,9001.43,831.87,active
OK-1010,Kirkpatrick Oil,STACK,Meramec,2025-06-01,2992.48,5909.69,2971.83,active
OK-1019,Casillas Petroleum,STACK,Osage,2024-10-01,3907.76,15564.02,1145.29,active
OK-1018,Mewbourne Oil,SCOOP,Meramec,2025-06-01,1762.2,3769.51,728.63,active
OK-1026,Crawley Petroleum,Anadarko,Meramec,2024-06-01,2374.76,6399.89,489.03,active
OK-1027,Comanche Resources,SCOOP,Osage,2024-08-01,2713.27,8843.32,2102.67,active
OK-1003,Mewbourne Oil,SCOOP,Osage,2023-03-01,5750.23,12113.94,1412.25,active
OK-1002,Comanche Resources,Anadarko,Meramec,2024-06-01,4032.18,16189.32,914.25,active
OK-1000,Kirkpatrick Oil,SCOOP,Woodford,2025-08-01,1634.96,3338.05,1685.79,active
OK-1021,Crawley Petroleum,SCOOP,Springer,2025-07-01,1709.66,3812.18,1240.43,active
OK-1015,Kirkpatrick Oil,SCOOP,Osage,2023-04-01,9392.1,29704.18,4964.42,active
OK-1005,Kirkpatrick Oil,Anadarko,Springer,2024-02-01,4889.9,8792.3,2908.59,active
OK-1013,Mewbourne Oil,STACK,Springer,2025-02-01,5005.95,15975.19,4340.02,active
OK-1010,Kirkpatrick Oil,STACK,Meramec,2024-10-01,3454.15,7402.87,2753.59,active
OK-1005,Kirkpatrick Oil,Anadarko,Springer,2024-09-01,4096.24,8041.98,3424.55,active
OK-1017,Comanche Resources,Anadarko,Springer,2023-10-01,5710.83,14704.01,3033.98,active
OK-1023,Mewbourne Oil,Anadarko,Osage,2024-04-01,6794.37,10318.98,6533.62,active
OK-1025,Kirkpatrick Oil,STACK,Springer,2025-09-01,1769.01,3109.69,1571.32,active
OK-1018,Mewbourne Oil,SCOOP,Meramec,2024-01-01,4733.85,11300.14,1135.47,active
OK-1012,Comanche Resources,SCOOP,Woodford,2024-10-01,2508.25,8242.21,862.03,active
OK-1024,Casillas Petroleum,SCOOP,Woodford,2024-06-01,4410.7,17455.47,3952.16,active
OK-1012,Comanche Resources,SCOOP,Woodford,2023-09-01,3711.56,11763.53,1106.38,active
OK-1029,Casillas Petroleum,Anadarko,Springer,2024-07-01,3766.51,10114.71,647.05,active
OK-1019,Casillas Petroleum,STACK,Osage,2023-08-01,6832.06,26024.67,1361.4,active
OK-1008,Mewbourne Oil,Anadarko,Woodford,2023-03-01,4533.27,12200.63,1464.97,active
OK-1023,Mewbourne Oil,Anadarko,Osage,2025-02-01,5406.61,10787.07,6258.11,active
OK-1022,Comanche Resources,STACK,Meramec,2025-03-01,3036.17,6311.25,2114.24,active
OK-1024,Casillas Petroleum,SCOOP,Woodford,2023-12-01,5375.7,17821.68,4921.83,active
OK-1013,Mewbourne Oil,STACK,Springer,2023-10-01,6737.04,20660.58,4776.91,active
OK-1014,Casillas Petroleum,Anadarko,Meramec,2025-04-01,4761.69,10986.22,2729.94,active
OK-1022,Comanche Resources,STACK,Meramec,2025-09-01,2838.59,6775.88,2539.06,active
OK-1015,Kirkpatrick Oil,SCOOP,Osage,2024-09-01,5413.85,15227.71,3196.28,active
OK-1028,Mewbourne Oil,STACK,Woodford,2023-05-01,12584.9,36511.65,5580.42,active
OK-1016,Crawley Petroleum,STACK,Woodford,2024-09-01,5745.98,17130.41,5004.55,active
OK-1010,Kirkpatrick Oil,STACK,Meramec,2024-06-01,3748.33,7855.05,3252.53,active
OK-1003,Mewbourne Oil,SCOOP,Osage,2023-07-01,4497.57,10541.2,1142.82,active
OK-1016,Crawley Petroleum,STACK,Woodford,2023-03-01,8725.45,21972.11,5006.89,active
OK-1029,Casillas Petroleum,Anadarko,Springer,2025-07-01,2435.81,7543.27,663.53,active
OK-1026,Crawley Petroleum,Anadarko,Meramec,2024-01-01,2666.46,6456.86,573.27,active
OK-1024,Casillas Petroleum,SCOOP,Woodford,2024-05-01,4664.51,17931.65,4403.83,active
OK-1026,Crawley Petroleum,Anadarko,Meramec,2023-09-01,4046.79,10004.99,658.92,active
OK-1007,Comanche Resources,STACK,Osage,2023-06-01,10345.8,22680.31,6028.62,active
OK-1016,Crawley Petroleum,STACK,Woodford,2025-12-01,1839.95,4719.49,2169.93,active
OK-1003,Mewbourne Oil,SCOOP,Osage,2023-01-01,6184.93,15591.35,1144.05,active
OK-1001,Crawley Petroleum,STACK,Springer,2024-11-01,3997.21,8173.61,4284.47,active
OK-1020,Kirkpatrick Oil,Anadarko,Woodford,2025-02-01,4174.05,13649.42,7027.74,active
OK-1009,Casillas Petroleum,SCOOP,Springer,2025-05-01,2867.03,8702.98,1898.71,active
OK-1019,Casillas Petroleum,STACK,Osage,2025-10-01,3258.87,12341.14,1042.04,active
OK-1011,Crawley Petroleum,Anadarko,Osage,2023-09-01,4239.71,11328.4,3674.22,active
OK-1029,Casillas Petroleum,Anadarko,Springer,2025-02-01,3151.64,9788.19,667.37,active
OK-1000,Kirkpatrick Oil,SCOOP,Woodford,2024-12-01,2159.83,4111.62,2100.17,active
OK-1025,Kirkpatrick Oil,STACK,Springer,2023-04-01,4853.87,9582.21,2123.33,active
OK-1003,Mewbourne Oil,SCOOP,Osage,2025-11-01,1668.8,4051.96,766.79,active
OK-1013,Mewbourne Oil,STACK,Springer,2025-10-01,3772.2,11743.05,2559.12,active
OK-1012,Comanche Resources,SCOOP,Woodford,2023-08-01,3820.88,11332.34,894.45,active
OK-1009,Casillas Petroleum,SCOOP,Springer,2025-09-01,2656.04,8572.67,1720.18,active
OK-1028,Mewbourne Oil,STACK,Woodford,2025-08-01,3196.47,8615.12,2393.45,active
OK-1024,Casillas Petroleum,SCOOP,Woodford,2024-11-01,3941.79,17077.95,3763.29,active
OK-1012,Comanche Resources,SCOOP,Woodford,2025-09-01,1757.74,5282.97,862.8,active
OK-1002,Comanche Resources,Anadarko,Meramec,2025-07-01,2621.53,9701.17,831.86,active
OK-1004,Casillas Petroleum,STACK,Woodford,2025-12-01,3440.55,9905.28,4810.35,active
OK-1015,Kirkpatrick Oil,SCOOP,Osage,2024-10-01,4966.02,13847.57,3110.06,active
OK-1021,Crawley Petroleum,SCOOP,Springer,2025-08-01,1733.78,3219.3,1228.72,active
OK-1026,Crawley Petroleum,Anadarko,Meramec,2024-12-01,2070.44,4985.41,482.38,active
OK-1027,Comanche Resources,SCOOP,Osage,2025-03-01,2272.26,7989.15,1761.39,active
OK-1009,Casillas Petroleum,SCOOP,Springer,2024-02-01,3825.38,11931.09,2197.94,active
OK-1016,Crawley Petroleum,STACK,Woodford,2023-09-01,6949.73,17370.06,3953.0,active
OK-1014,Casillas Petroleum,Anadarko,Meramec,2024-12-01,4733.37,10089.46,3087.02,active
OK-1001,Crawley Petroleum,STACK,Springer,2024-01-01,5342.42,9052.07,5405.1,active
OK-1022,Comanche Resources,STACK,Meramec,2024-07-01,4498.62,10305.8,3510.04,active
OK-1019,Casillas Petroleum,STACK,Osage,2023-11-01,6157.88,21223.41,1382.68,active
OK-1017,Comanche Resources,Anadarko,Springer,2024-10-01,3748.68,8930.4,2851.96,active
OK-1027,Comanche Resources,SCOOP,Osage,2023-08-01,4291.88,14310.75,2069.6,active
OK-1002,Comanche Resources,Anadarko,Meramec,2023-04-01,7055.4,25406.83,1433.56,active
OK-1027,Comanche Resources,SCOOP,Osage,2024-01-01,3595.51,11898.07,1811.74,active
OK-1000,Kirkpatrick Oil,SCOOP,Woodford,2023-11-01,3111.46,6062.6,1770.7,active
OK-1019,Casillas Petroleum,STACK,Osage,2025-12-01,2702.01,10402.59,915.44,active
OK-1005,Kirkpatrick Oil,Anadarko,Springer,2024-08-01,4207.79,8952.25,3120.67,active
OK-1009,Casillas Petroleum,SCOOP,Springer,2023-12-01,3852.25,12450.68,2023.09,active
OK-1005,Kirkpatrick Oil,Anadarko,Springer,2025-06-01,3279.38,7169.69,2828.47,active
OK-1008,Mewbourne Oil,Anadarko,Woodford,2023-04-01,4862.09,11736.26,1445.77,active
OK-1023,Mewbourne Oil,Anadarko,Osage,2024-07-01,6182.13,12127.31,5292.21,active
OK-1006,Crawley Petroleum,SCOOP,Meramec,2023-04-01,5283.55,8833.79,2857.75,active
OK-1006,Crawley Petroleum,SCOOP,Meramec,2025-09-01,2577.99,5208.81,1953.69,active
OK-1014,Casillas Petroleum,Anadarko,Meramec,2024-08-01,6126.71,14516.62,3751.56,active
OK-1012,Comanche Resources,SCOOP,Woodford,2025-12-01,1819.89,5368.75,863.46,active
OK-1002,Comanche Resources,Anadarko,Meramec,2025-02-01,2011.28,7870.21,744.98,active
OK-1002,Comanche Resources,Anadarko,Meramec,2023-11-01,7181.67,27269.85,1539.31,active
OK-1012,Comanche Resources,SCOOP,Woodford,2025-03-01,2029.65,5306.69,612.81,active
OK-1028,Mewbourne Oil,STACK,Woodford,2024-04-01,3369.56,9856.7,2088.36,active
OK-1022,Comanche Resources,STACK,Meramec,2024-12-01,3511.72,7809.18,2448.48,active
OK-1019,Casillas Petroleum,STACK,Osage,2025-05-01,3784.33,14744.86,749.08,active
OK-1027,Comanche Resources,SCOOP,Osage,2025-07-01,1874.66,6663.65,1727.17,active
OK-1008,Mewbourne Oil,Anadarko,Woodford,2023-06-01,3866.6,9993.62,1248.71,active
OK-1003,Mewbourne Oil,SCOOP,Osage,2025-09-01,1806.98,4394.04,934.76,active
OK-1021,Crawley Petroleum,SCOOP,Springer,2023-02-01,6151.1,15316.34,2818.3,active
OK-1021,Crawley Petroleum,SCOOP,Springer,2024-06-01,2796.08,6278.09,1559.77,active
OK-1019,Casillas Petroleum,STACK,Osage,2025-07-01,3302.02,11894.0,1053.0,active
OK-1029,Casillas Petroleum,Anadarko,Springer,2023-03-01,8622.54,24216.25,1463.42,active
OK-1012,Comanche Resources,SCOOP,Woodford,2023-01-01,4792.14,16272.67,1185.18,active
OK-1002,Comanche Resources,Anadarko,Meramec,2023-06-01,8928.5,34513.57,1786.07,active
OK-1014,Casillas Petroleum,Anadarko,Meramec,2025-11-01,4151.79,8098.84,3049.0,active
OK-1005,Kirkpatrick Oil,Anadarko,Springer,2025-07-01,3245.47,7434.31,2603.24,active
OK-1025,Kirkpatrick Oil,STACK,Springer,2024-12-01,2432.64,5195.22,1459.73,active
OK-1012,Comanche Resources,SCOOP,Woodford,2025-07-01,1914.82,4776.59,830.44,active
OK-1022,Comanche Resources,STACK,Meramec,2023-04-01,9234.07,20535.68,5487.58,active
OK-1001,Crawley Petroleum,STACK,Springer,2023-03-01,7691.21,13499.02,5775.12,active
OK-1000,Kirkpatrick Oil,SCOOP,Woodford,2025-07-01,1790.48,3935.94,1656.78,active
OK-1028,Mewbourne Oil,STACK,Woodford,2025-10-01,2807.28,6415.09,2274.45,active
OK-1003,Mewbourne Oil,SCOOP,Osage,2025-06-01,2016.72,4838.0,865.78,active
OK-1001,Crawley Petroleum,STACK,Springer,2024-06-01,4379.26,8148.66,4938.11,active
OK-1023,Mewbourne Oil,Anadarko,Osage,2024-01-01,7056.98,14134.25,6132.97,active
OK-1007,Comanche Resources,STACK,Osage,2024-11-01,5979.82,14916.3,5070.77,active
OK-1025,Kirkpatrick Oil,STACK,Springer,2024-10-01,2769.29,5048.06,1569.21,active
OK-1015,Kirkpatrick Oil,SCOOP,Osage,2025-05-01,4964.49,12076.41,3251.62,active
OK-1011,Crawley Petroleum,Anadarko,Osage,2023-03-01,6201.93,14573.12,4959.37,active
OK-1000,Kirkpatrick Oil,SCOOP,Woodford,2023-04-01,4566.37,10042.4,2820.04,active
OK-1008,Mewbourne Oil,Anadarko,Woodford,2024-09-01,1748.7,4749.81,645.32,active
OK-1008,Mewbourne Oil,Anadarko,Woodford,2023-12-01,2500.96,5888.41,946.05,active
OK-1029,Casillas Petroleum,Anadarko,Springer,2023-06-01,7440.83,24657.68,1476.78,active
OK-1018,Mewbourne Oil,SCOOP,Meramec,2023-08-01,6864.41,19070.82,1574.11,active
OK-1025,Kirkpatrick Oil,STACK,Springer,2025-10-01,2013.43,4140.54,1565.18,active
OK-1020,Kirkpatrick Oil,Anadarko,Woodford,2025-12-01,3535.51,12901.18,6188.18,active
OK-1014,Casillas Petroleum,Anadarko,Meramec,2023-04-01,10452.63,25320.6,4397.7,active
OK-1001,Crawley Petroleum,STACK,Springer,2024-10-01,4130.66,7504.62,4097.86,active
OK-1001,Crawley Petroleum,STACK,Springer,2025-03-01,3774.45,6395.98,4492.34,active
OK-1012,Comanche Resources,SCOOP,Woodford,2023-04-01,4271.04,15426.16,1128.69,active
OK-1009,Casillas Petroleum,SCOOP,Springer,2025-06-01,2862.06,10208.32,1735.28,active
OK-1002,Comanche Resources,Anadarko,Meramec,2025-06-01,,,,active
OK-1004,Casillas Petroleum,STACK,Woodford,2025-02-01,4251.1,12923.94,4622.08,active
OK-1016,Crawley Petroleum,STACK,Woodford,2023-12-01,6587.41,17467.95,3678.53,active
OK-1009,Casillas Petroleum,SCOOP,Springer,2023-10-01,4512.77,14215.12,2245.77,active
OK-1029,Casillas Petroleum,Anadarko,Springer,2023-11-01,5805.46,19409.9,1201.71,active
OK-1015,Kirkpatrick Oil,SCOOP,Osage,2025-03-01,4756.32,13755.76,2633.35,active
OK-1014,Casillas Petroleum,Anadarko,Meramec,2025-02-01,4465.32,9631.87,2986.33,active
OK-1006,Crawley Petroleum,SCOOP,Meramec,2025-05-01,2463.42,4732.13,2023.33,active
OK-1006,Crawley Petroleum,SCOOP,Meramec,2025-06-01,2666.12,4256.23,2520.98,active
OK-1012,Comanche Resources,SCOOP,Woodford,2023-11-01,3628.27,10699.48,1007.4,active
OK-1011,Crawley Petroleum,Anadarko,Osage,2025-01-01,3264.91,8266.19,4351.98,active
OK-1014,Casillas Petroleum,Anadarko,Meramec,2023-10-01,7980.43,18014.34,4011.92,active
OK-1005,Kirkpatrick Oil,Anadarko,Springer,2025-08-01,3312.19,6608.91,3038.65,active
OK-1001,Crawley Petroleum,STACK,Springer,2025-06-01,3495.89,7472.83,5287.16,active
OK-1008,Mewbourne Oil,Anadarko,Woodford,2023-08-01,3371.64,8296.55,1078.97,active
OK-1001,Crawley Petroleum,STACK,Springer,2025-07-01,3514.7,6507.77,3954.19,active
OK-1021,Crawley Petroleum,SCOOP,Springer,2024-09-01,2682.63,6092.44,1272.43,active
OK-1000,Kirkpatrick Oil,SCOOP,Woodford,2024-01-01,2964.43,5370.47,1875.38,active
OK-1009,Casillas Petroleum,SCOOP,Springer,2023-09-01,4383.8,12781.83,2345.01,active
OK-1014,Casillas Petroleum,Anadarko,Meramec,2024-07-01,5716.8,13972.11,3856.7,active
OK-1011,Crawley Petroleum,Anadarko,Osage,2025-11-01,0.0,0.0,0.0,inactive
OK-1015,Kirkpatrick Oil,SCOOP,Osage,2024-03-01,6464.79,18149.6,4010.86,active
OK-1025,Kirkpatrick Oil,STACK,Springer,2023-08-01,4017.64,8351.68,1965.1,active
OK-1019,Casillas Petroleum,STACK,Osage,2025-08-01,2954.24,9227.66,861.58,active
OK-1005,Kirkpatrick Oil,Anadarko,Springer,2023-06-01,7167.73,15136.24,3667.11,active
OK-1008,Mewbourne Oil,Anadarko,Woodford,2025-09-01,1172.97,2997.23,582.75,active
OK-1006,Crawley Petroleum,SCOOP,Meramec,2023-01-01,5712.32,9121.85,2623.63,active
OK-1012,Comanche Resources,SCOOP,Woodford,2024-02-01,2953.62,10649.06,822.01,active
OK-1008,Mewbourne Oil,Anadarko,Woodford,2024-01-01,2540.43,6500.2,803.66,active
OK-1028,Mewbourne Oil,STACK,Woodford,2025-06-01,,,,active
OK-1028,Mewbourne Oil,STACK,Woodford,2025-02-01,3518.24,10157.29,1809.72,active
OK-1023,Mewbourne Oil,Anadarko,Osage,2024-08-01,5786.8,12042.21,5240.0,active
OK-1024,Casillas Petroleum,SCOOP,Woodford,2023-05-01,8211.01,27434.5,5793.01,active
OK-1006,Crawley Petroleum,SCOOP,Meramec,2024-05-01,3409.48,6310.18,2243.32,active
OK-1028,Mewbourne Oil,STACK,Woodford,2023-11-01,5861.29,15213.21,3215.26,active
OK-1009,Casillas Petroleum,SCOOP,Springer,2024-12-01,2881.56,9181.97,1622.04,active
OK-1000,Kirkpatrick Oil,SCOOP,Woodford,2023-03-01,4986.89,10681.43,2841.35,active
OK-1013,Mewbourne Oil,STACK,Springer,2025-03-01,4486.69,15133.6,3458.47,active
OK-1020,Kirkpatrick Oil,Anadarko,Woodford,2023-12-01,6763.27,24326.61,3121.69,active
OK-1022,Comanche Resources,STACK,Meramec,2023-09-01,6297.39,15693.88,3288.46,active
OK-1024,Casillas Petroleum,SCOOP,Woodford,2024-03-01,5104.87,20459.03,4795.72,active
OK-1028,Mewbourne Oil,STACK,Woodford,2025-05-01,4558.47,12330.27,3571.85,active
OK-1008,Mewbourne Oil,Anadarko,Woodford,2025-08-01,1351.84,3399.95,710.15,active
OK-1014,Casillas Petroleum,Anadarko,Meramec,2024-01-01,6441.17,14170.03,3649.83,active
OK-1023,Mewbourne Oil,Anadarko,Osage,2024-03-01,6496.98,13206.58,4294.13,active
OK-1025,Kirkpatrick Oil,STACK,Springer,2024-04-01,3281.95,6902.71,2063.4,active
OK-1020,Kirkpatrick Oil,Anadarko,Woodford,2025-09-01,3261.55,11915.48,5220.04,active
OK-1011,Crawley Petroleum,Anadarko,Osage,2024-02-01,3910.83,8225.53,4148.18,active
OK-1007,Comanche Resources,STACK,Osage,2025-01-01,6005.92,14357.1,5877.99,active
OK-1027,Comanche Resources,SCOOP,Osage,2025-12-01,1694.38,5600.4,1676.63,active
OK-1017,Comanche Resources,Anadarko,Springer,2024-05-01,4068.22,10546.16,2775.46,active
OK-1017,Comanche Resources,Anadarko,Springer,2025-09-01,2890.79,8268.93,2195.75,active
OK-1024,Casillas Petroleum,SCOOP,Woodford,2024-08-01,4049.64,15215.49,4535.85,active
OK-1016,Crawley Petroleum,STACK,Woodford,2024-04-01,5529.72,15908.56,5302.37,active
OK-1009,Casillas Petroleum,SCOOP,Springer,2024-08-01,3007.52,9477.17,1534.8,active
OK-1023,Mewbourne Oil,Anadarko,Osage,2025-01-01,5311.31,10557.6,5426.96,active
OK-1008,Mewbourne Oil,Anadarko,Woodford,2025-02-01,1599.01,3910.19,939.06,active
OK-1008,Mewbourne Oil,Anadarko,Woodford,2024-10-01,1682.91,3934.06,751.5,active
OK-1020,Kirkpatrick Oil,Anadarko,Woodford,2024-04-01,7069.1,23726.09,3352.06,active
OK-1006,Crawley Petroleum,SCOOP,Meramec,2024-11-01,2936.59,5381.06,1620.49,active
OK-1009,Casillas Petroleum,SCOOP,Springer,2023-01-01,5731.85,16793.2,1611.18,active
OK-1008,Mewbourne Oil,Anadarko,Woodford,2024-08-01,1985.25,4356.91,865.65,active
OK-1026,Crawley Petroleum,Anadarko,Meramec,2025-08-01,1115.15,2718.92,1125.43,active
OK-1009,Casillas Petroleum,SCOOP,Springer,2025-04-01,2641.45,8305.13,1711.58,active
OK-1002,Comanche Resources,Anadarko,Meramec,2025-12-01,2705.51,8464.88,824.86,active
OK-1016,Crawley Petroleum,STACK,Woodford,2025-06-01,2317.22,6086.75,2218.87,active
OK-1001,Crawley Petroleum,STACK,Springer,2024-07-01,3993.15,7672.93,4359.36,active
OK-1005,Kirkpatrick Oil,Anadarko,Springer,2025-11-01,2953.95,6539.73,2349.96,active
OK-1003,Mewbourne Oil,SCOOP,Osage,2024-02-01,3388.31,8300.25,1280.52,active
OK-1015,Kirkpatrick Oil,SCOOP,Osage,2024-06-01,5702.59,15857.59,3666.65,active
OK-1000,Kirkpatrick Oil,SCOOP,Woodford,2025-02-01,1964.24,4275.65,1887.36,active
OK-1001,Crawley Petroleum,STACK,Springer,2025-12-01,3013.43,5952.28,4651.03,active
OK-1027,Comanche Resources,SCOOP,Osage,2024-06-01,2919.43,9704.52,2193.8,active
OK-1001,Crawley Petroleum,STACK,Springer,2023-08-01,5593.28,10375.68,4540.73,active
OK-1016,Crawley Petroleum,STACK,Woodford,2025-03-01,2145.15,6444.31,2056.19,active
OK-1013,Mewbourne Oil,STACK,Springer,2025-06-01,4371.65,12292.39,4242.88,active
OK-1020,Kirkpatrick Oil,Anadarko,Woodford,2024-08-01,6450.45,21916.67,2633.24,active
OK-1007,Comanche Resources,STACK,Osage,2025-06-01,5367.13,11656.85,5333.86,active
OK-1029,Casillas Petroleum,Anadarko,Springer,2023-10-01,5932.89,18110.89,1069.45,active
OK-1010,Kirkpatrick Oil,STACK,Meramec,2025-07-01,3022.95,5280.66,2802.74,active
OK-1011,Crawley Petroleum,Anadarko,Osage,2024-06-01,3493.36,7221.34,2759.25,active
OK-1011,Crawley Petroleum,Anadarko,Osage,2024-04-01,3326.13,8653.09,3079.11,active
OK-1007,Comanche Resources,STACK,Osage,2025-12-01,4830.21,11102.83,4019.39,active
OK-1009,Casillas Petroleum,SCOOP,Springer,2023-06-01,4677.86,16034.03,2192.97,active
OK-1020,Kirkpatrick Oil,Anadarko,Woodford,2024-07-01,5953.8,18806.7,3193.98,active
OK-1011,Crawley Petroleum,Anadarko,Osage,2025-05-01,0.0,0.0,0.0,inactive
OK-1020,Kirkpatrick Oil,Anadarko,Woodford,2024-05-01,7207.04,23199.7,3119.79,active
OK-1007,Comanche Resources,STACK,Osage,2023-10-01,7727.1,18047.04,5035.52,active
OK-1013,Mewbourne Oil,STACK,Springer,2024-11-01,5256.06,13973.26,4436.91,active
OK-1018,Mewbourne Oil,SCOOP,Meramec,2024-02-01,5489.04,13716.8,1637.07,active
OK-1010,Kirkpatrick Oil,STACK,Meramec,2023-02-01,7377.54,13625.53,3519.87,active
OK-1009,Casillas Petroleum,SCOOP,Springer,2025-12-01,2430.58,7808.81,1696.47,active
OK-1026,Crawley Petroleum,Anadarko,Meramec,2023-04-01,5594.04,14118.67,1038.95,active
OK-1001,Crawley Petroleum,STACK,Springer,2024-12-01,4017.98,7806.95,4632.92,active
OK-1011,Crawley Petroleum,Anadarko,Osage,2025-09-01,0.0,0.0,0.0,inactive
OK-1002,Comanche Resources,Anadarko,Meramec,2024-10-01,3495.14,12552.34,1096.4,active
OK-1018,Mewbourne Oil,SCOOP,Meramec,2025-11-01,1663.25,4103.79,529.5,active
OK-1007,Comanche Resources,STACK,Osage,2024-03-01,6998.54,16376.53,5217.56,active
OK-1020,Kirkpatrick Oil,Anadarko,Woodford,2025-01-01,4214.12,15185.79,5093.39,active
OK-1026,Crawley Petroleum,Anadarko,Meramec,2024-11-01,1952.29,4429.33,549.11,active
OK-1010,Kirkpatrick Oil,STACK,Meramec,2025-11-01,2270.18,5198.69,2749.13,active
OK-1008,Mewbourne Oil,Anadarko,Woodford,2025-11-01,1185.42,2802.59,583.82,active
OK-1005,Kirkpatrick Oil,Anadarko,Springer,2023-04-01,7957.46,16992.15,4790.19,active
OK-1014,Casillas Petroleum,Anadarko,Meramec,2024-04-01,6810.82,15487.14,3181.29,active
OK-1008,Mewbourne Oil,Anadarko,Woodford,2023-10-01,2977.0,7215.23,930.41,active
OK-1003,Mewbourne Oil,SCOOP,Osage,2023-04-01,5210.43,12729.22,1340.95,active
OK-1025,Kirkpatrick Oil,STACK,Springer,2023-11-01,3759.23,6502.82,1533.32,active
OK-1025,Kirkpatrick Oil,STACK,Springer,2023-10-01,3637.5,7210.57,1802.4,active
OK-1014,Casillas Petroleum,Anadarko,Meramec,2023-03-01,10489.11,21923.58,4925.65,active
OK-1024,Casillas Petroleum,SCOOP,Woodford,2024-09-01,3790.37,14098.56,3639.86,active
OK-1022,Comanche Resources,STACK,Meramec,2025-01-01,3626.2,8253.79,2960.67,active
OK-1016,Crawley Petroleum,STACK,Woodford,2023-10-01,7100.26,19613.87,3576.74,active
OK-1007,Comanche Resources,STACK,Osage,2023-11-01,7478.9,14470.86,6231.59,active
OK-1019,Casillas Petroleum,STACK,Osage,2023-04-01,8291.04,33373.93,1834.66,active
OK-1014,Casillas Petroleum,Anadarko,Meramec,2024-10-01,5323.93,12212.95,3127.33,active
OK-1015,Kirkpatrick Oil,SCOOP,Osage,2023-02-01,10287.63,27325.3,3361.31,active
OK-1023,Mewbourne Oil,Anadarko,Osage,2023-04-01,9822.72,20824.44,7769.94,active
OK-1003,Mewbourne Oil,SCOOP,Osage,2025-07-01,2126.31,5469.99,1012.13,active
OK-1025,Kirkpatrick Oil,STACK,Springer,2023-09-01,3880.6,8007.89,1708.2,active
OK-1028,Mewbourne Oil,STACK,Woodford,2023-04-01,10102.33,29229.62,3667.56,active
OK-1023,Mewbourne Oil,Anadarko,Osage,2025-03-01,4889.38,10431.12,4360.9,active
OK-1009,Casillas Petroleum,SCOOP,Springer,2023-05-01,4589.38,16277.11,2150.74,active
OK-1017,Comanche Resources,Anadarko,Springer,2025-01-01,3386.68,8476.06,2119.31,active
OK-1017,Comanche Resources,Anadarko,Springer,2023-03-01,8062.98,21051.69,3326.56,active
OK-1000,Kirkpatrick Oil,SCOOP,Woodford,2025-06-01,1854.73,3932.09,1820.53,active
OK-1004,Casillas Petroleum,STACK,Woodford,2024-11-01,4972.8,14479.57,5683.86,active
OK-1006,Crawley Petroleum,SCOOP,Meramec,2025-10-01,2453.7,4945.47,1851.63,active
OK-1013,Mewbourne Oil,STACK,Springer,2023-11-01,7589.19,22236.92,3961.15,active
OK-1009,Casillas Petroleum,SCOOP,Springer,2024-10-01,3224.92,10133.81,1928.14,active
OK-1022,Comanche Resources,STACK,Meramec,2025-12-01,2501.65,4770.19,1743.39,active
OK-1020,Kirkpatrick Oil,Anadarko,Woodford,2023-08-01,8946.57,34884.35,3779.98,active
OK-1015,Kirkpatrick Oil,SCOOP,Osage,2025-09-01,4236.09,12378.68,3499.37,active
OK-1010,Kirkpatrick Oil,STACK,Meramec,2024-09-01,3376.8,7210.81,2439.95,active
OK-1026,Crawley Petroleum,Anadarko,Meramec,2024-05-01,2846.19,7913.43,555.2,active
OK-1015,Kirkpatrick Oil,SCOOP,Osage,2024-07-01,5414.83,15561.06,3348.95,active
OK-1001,Crawley Petroleum,STACK,Springer,2025-05-01,3324.01,7069.1,5260.45,active
OK-1027,Comanche Resources,SCOOP,Osage,2023-10-01,3672.79,15624.34,1764.92,active
OK-1026,Crawley Petroleum,Anadarko,Meramec,2023-07-01,4371.36,10848.49,799.45,active
OK-1010,Kirkpatrick Oil,STACK,Meramec,2023-08-01,5574.26,10563.23,3381.98,active
OK-1007,Comanche Resources,STACK,Osage,2023-04-01,9432.69,24547.8,6325.14,active
OK-1021,Crawley Petroleum,SCOOP,Springer,2023-06-01,4991.32,10849.79,2451.24,active
OK-1010,Kirkpatrick Oil,STACK,Meramec,2023-03-01,6428.86,14520.54,3723.76,active
OK-1006,Crawley Petroleum,SCOOP,Meramec,2023-07-01,4722.86,9753.62,2337.15,active
OK-1006,Crawley Petroleum,SCOOP,Meramec,2024-09-01,3008.38,5715.1,1776.18,active
OK-1011,Crawley Petroleum,Anadarko,Osage,2023-10-01,4798.62,10356.57,4346.76,active
OK-1025,Kirkpatrick Oil,STACK,Springer,2024-01-01,3304.32,6025.7,1598.18,active
OK-1008,Mewbourne Oil,Anadarko,Woodford,2024-07-01,2019.08,5065.9,759.19,active
OK-1021,Crawley Petroleum,SCOOP,Springer,2023-01-01,8030.55,17445.73,3305.13,active
OK-1021,Crawley Petroleum,SCOOP,Springer,2025-10-01,1757.79,4348.24,1174.36,active
OK-1028,Mewbourne Oil,STACK,Woodford,2024-07-01,2544.46,6480.38,1523.74,active
OK-1006,Crawley Petroleum,SCOOP,Meramec,2025-11-01,2425.91,4532.69,1999.02,active
OK-1024,Casillas Petroleum,SCOOP,Woodford,2024-07-01,4222.23,14544.57,3554.91,active
OK-1012,Comanche Resources,SCOOP,Woodford,2025-02-01,2066.93,5575.62,870.99,active
OK-1001,Crawley Petroleum,STACK,Springer,2025-11-01,3189.78,5563.3,4400.88,active
OK-1002,Comanche Resources,Anadarko,Meramec,2024-12-01,3638.82,12334.36,1121.95,active
OK-1000,Kirkpatrick Oil,SCOOP,Woodford,2025-10-01,1629.69,3231.06,2007.1,active
OK-1020,Kirkpatrick Oil,Anadarko,Woodford,2024-09-01,6203.78,21291.15,3372.99,active
OK-1007,Comanche Resources,STACK,Osage,2023-09-01,8525.21,22676.63,5162.6,active
OK-1005,Kirkpatrick Oil,Anadarko,Springer,2025-02-01,3358.18,7227.34,2765.95,active
OK-1011,Crawley Petroleum,Anadarko,Osage,2025-08-01,0.0,0.0,0.0,inactive
OK-1022,Comanche Resources,STACK,Meramec,2024-09-01,4400.17,10672.62,3008.14,active
OK-1021,Crawley Petroleum,SCOOP,Springer,2024-03-01,3342.47,8620.26,2116.82,active
OK-1002,Comanche Resources,Anadarko,Meramec,2023-05-01,6266.58,21194.36,1342.3,active
OK-1002,Comanche Resources,Anadarko,Meramec,2024-02-01,5323.66,16671.01,1080.87,active
OK-1017,Comanche Resources,Anadarko,Springer,2023-04-01,6611.85,16385.3,3533.44,active
OK-1002,Comanche Resources,Anadarko,Meramec,2023-10-01,7062.92,27669.75,1481.86,active
OK-1026,Crawley Petroleum,Anadarko,Meramec,2023-02-01,5503.19,14936.04,909.7,active
OK-1013,Mewbourne Oil,STACK,Springer,2024-03-01,5954.71,19277.12,4168.69,active
OK-1029,Casillas Petroleum,Anadarko,Springer,2023-07-01,7081.65,22057.37,1100.54,active
OK-1016,Crawley Petroleum,STACK,Woodford,2024-07-01,5771.34,12024.65,3717.81,active
OK-1028,Mewbourne Oil,STACK,Woodford,2025-04-01,2829.46,7970.89,1832.5,active
OK-1022,Comanche Resources,STACK,Meramec,2024-05-01,5145.05,10763.9,3377.74,active
OK-1023,Mewbourne Oil,Anadarko,Osage,2023-06-01,8641.07,17218.16,5933.66,active
OK-1000,Kirkpatrick Oil,SCOOP,Woodford,2023-06-01,4109.07,8382.27,2723.65,active
OK-1008,Mewbourne Oil,Anadarko,Woodford,2024-12-01,1628.53,3634.26,697.67,active
OK-1022,Comanche Resources,STACK,Meramec,2025-07-01,3250.17,6503.73,3263.11,active
OK-1002,Comanche Resources,Anadarko,Meramec,2025-10-01,2264.37,7727.37,630.2,active
OK-1002,Comanche Resources,Anadarko,Meramec,2025-03-01,3257.22,12235.5,934.93,active
OK-1009,Casillas Petroleum,SCOOP,Springer,2025-08-01,2669.27,9456.71,1907.89,active
OK-1017,Comanche Resources,Anadarko,Springer,2023-09-01,5753.52,14934.07,3398.89,active
OK-1008,Mewbourne Oil,Anadarko,Woodford,2025-04-01,1343.37,3183.24,741.23,active
OK-1027,Comanche Resources,SCOOP,Osage,2023-11-01,3841.41,13180.07,2167.87,active
OK-1016,Crawley Petroleum,STACK,Woodford,2025-02-01,2467.98,5754.67,2121.96,active
OK-1027,Comanche Resources,SCOOP,Osage,2024-04-01,3169.41,11601.6,1910.06,active
OK-1007,Comanche Resources,STACK,Osage,2025-07-01,4915.64,11957.56,4589.24,active
OK-1016,Crawley Petroleum,STACK,Woodford,2024-12-01,2744.1,6899.2,2100.37,active
OK-1007,Comanche Resources,STACK,Osage,2024-04-01,6967.72,16907.1,5254.56,active
OK-1014,Casillas Petroleum,Anadarko,Meramec,2025-09-01,4542.24,10455.85,3064.59,active
OK-1025,Kirkpatrick Oil,STACK,Springer,2025-01-01,2432.0,4725.7,2043.21,active
OK-1018,Mewbourne Oil,SCOOP,Meramec,2024-06-01,4597.11,10473.54,1528.83,active
OK-1014,Casillas Petroleum,Anadarko,Meramec,2023-01-01,11491.12,25999.3,4304.59,active
OK-1027,Comanche Resources,SCOOP,Osage,2024-12-01,2249.47,8555.48,1714.68,active
OK-1016,Crawley Petroleum,STACK,Woodford,2024-10-01,4757.69,12776.02,3606.06,active
OK-1003,Mewbourne Oil,SCOOP,Osage,2023-12-01,3479.11,7535.36,1201.49,active
OK-1025,Kirkpatrick Oil,STACK,Springer,2025-04-01,2107.46,4161.36,1422.8,active
OK-1006,Crawley Petroleum,SCOOP,Meramec,2025-12-01,2372.97,4121.21,2417.73,active
OK-1016,Crawley Petroleum,STACK,Woodford,2025-05-01,2194.1,5468.68,2059.77,active
OK-1007,Comanche Resources,STACK,Osage,2025-11-01,4374.69,11052.85,2543.85,active
OK-1012,Comanche Resources,SCOOP,Woodford,2023-05-01,3900.11,13317.45,1111.71,active
OK-1000,Kirkpatrick Oil,SCOOP,Woodford,2023-10-01,3333.41,7813.01,1791.03,active
OK-1011,Crawley Petroleum,Anadarko,Osage,2025-06-01,0.0,0.0,0.0,inactive
OK-1005,Kirkpatrick Oil,Anadarko,Springer,2024-06-01,4441.5,7350.47,2904.59,active
OK-1019,Casillas Petroleum,STACK,Osage,2023-10-01,5992.97,19183.41,1289.21,active
OK-1010,Kirkpatrick Oil,STACK,Meramec,2023-11-01,5318.79,10360.88,3391.94,active
OK-1002,Comanche Resources,Anadarko,Meramec,2023-09-01,3770.14,13298.59,705.79,active
OK-1016,Crawley Petroleum,STACK,Woodford,2023-08-01,7289.95,21080.65,4806.64,active
OK-1026,Crawley Petroleum,Anadarko,Meramec,2023-01-01,6062.85,15565.83,1049.49,active
OK-1019,Casillas Petroleum,STACK,Osage,2025-03-01,3584.91,12933.26,967.85,active
OK-1006,Crawley Petroleum,SCOOP,Meramec,2025-01-01,2654.05,4883.84,1958.2,active
OK-1023,Mewbourne Oil,Anadarko,Osage,2024-06-01,6029.01,11767.35,6042.09,active
OK-1005,Kirkpatrick Oil,Anadarko,Springer,2025-09-01,2840.61,5708.61,3038.0,active
OK-1022,Comanche Resources,STACK,Meramec,2025-04-01,3357.54,6921.93,2379.79,active
OK-1013,Mewbourne Oil,STACK,Springer,2023-08-01,8843.01,25948.73,5167.8,active
OK-1015,Kirkpatrick Oil,SCOOP,Osage,2023-12-01,7745.67,21793.04,4688.99,active
OK-1006,Crawley Petroleum,SCOOP,Meramec,2024-01-01,4003.76,7694.46,2177.04,active
OK-1027,Comanche Resources,SCOOP,Osage,2023-04-01,5544.73,19854.4,2456.85,active
OK-1016,Crawley Petroleum,STACK,Woodford,2024-08-01,5976.89,15656.38,4592.82,active
OK-1012,Comanche Resources,SCOOP,Woodford,2024-08-01,2381.5,6756.84,732.7,active
OK-1025,Kirkpatrick Oil,STACK,Springer,2023-07-01,4306.67,7900.26,1978.43,active
OK-1004,Casillas Petroleum,STACK,Woodford,2025-11-01,3218.45,8470.28,3779.11,active
OK-1029,Casillas Petroleum,Anadarko,Springer,2025-11-01,2310.02,6877.4,770.63,active
OK-1014,Casillas Petroleum,Anadarko,Meramec,2023-11-01,6503.37,15235.52,3061.44,active
OK-1013,Mewbourne Oil,STACK,Springer,2023-12-01,7284.35,23839.35,4508.24,active
OK-1028,Mewbourne Oil,STACK,Woodford,2025-09-01,3615.57,9702.9,2947.77,active
OK-1023,Mewbourne Oil,Anadarko,Osage,2025-12-01,3821.75,7425.4,4262.09,active
OK-1013,Mewbourne Oil,STACK,Springer,2025-08-01,3712.44,12898.73,3481.43,active
OK-1013,Mewbourne Oil,STACK,Springer,2024-07-01,5093.44,14542.23,3648.87,active
OK-1000,Kirkpatrick Oil,SCOOP,Woodford,2023-08-01,3848.24,7644.45,2351.53,active
OK-1025,Kirkpatrick Oil,STACK,Springer,2025-03-01,2313.05,4438.39,1865.58,active
OK-1004,Casillas Petroleum,STACK,Woodford,2024-01-01,6794.12,20125.34,6422.04,active
OK-1009,Casillas Petroleum,SCOOP,Springer,2025-11-01,2476.99,7898.97,1515.8,active
OK-1017,Comanche Resources,Anadarko,Springer,2023-07-01,6629.28,16404.94,4691.74,active
OK-1006,Crawley Petroleum,SCOOP,Meramec,2023-09-01,4506.71,9301.46,2370.5,active
OK-1009,Casillas Petroleum,SCOOP,Springer,2023-07-01,4191.82,15065.09,1817.07,active
OK-1018,Mewbourne Oil,SCOOP,Meramec,2024-05-01,4375.8,10163.68,1412.55,active
OK-1014,Casillas Petroleum,Anadarko,Meramec,2024-03-01,6549.58,17238.63,4056.61,active
OK-1024,Casillas Petroleum,SCOOP,Woodford,2024-12-01,3501.06,11394.51,3319.77,active
OK-1012,Comanche Resources,SCOOP,Woodford,2025-10-01,1965.87,6990.29,672.21,active
OK-1018,Mewbourne Oil,SCOOP,Meramec,2023-03-01,8603.07,23689.65,2058.31,active
OK-1023,Mewbourne Oil,Anadarko,Osage,2025-09-01,4301.22,8075.15,3960.28,active
OK-1018,Mewbourne Oil,SCOOP,Meramec,2023-02-01,9378.35,22289.07,2347.44,active
OK-1018,Mewbourne Oil,SCOOP,Meramec,2025-12-01,1587.41,3494.21,645.21,active
OK-1028,Mewbourne Oil,STACK,Woodford,2025-12-01,2588.66,6997.69,1734.32,active
OK-1021,Crawley Petroleum,SCOOP,Springer,2025-05-01,1948.23,4769.75,1434.81,active
OK-1014,Casillas Petroleum,Anadarko,Meramec,2025-06-01,4256.4,8782.45,3378.69,active
OK-1028,Mewbourne Oil,STACK,Woodford,2023-06-01,8109.57,27215.94,4199.28,active
OK-1028,Mewbourne Oil,STACK,Woodford,2024-09-01,4312.64,12324.29,2585.61,active
OK-1018,Mewbourne Oil,SCOOP,Meramec,2024-09-01,4340.96,9575.15,1462.45,active
OK-1022,Comanche Resources,STACK,Meramec,2024-04-01,5197.23,10141.69,2970.19,active
OK-1022,Comanche Resources,STACK,Meramec,2023-01-01,11810.83,29354.04,5399.25,active
OK-1004,Casillas Petroleum,STACK,Woodford,2024-09-01,5276.9,13900.74,5305.79,active
OK-1006,Crawley Petroleum,SCOOP,Meramec,2024-02-01,3924.77,7345.79,2444.19,active
OK-1016,Crawley Petroleum,STACK,Woodford,2024-06-01,5096.48,15379.38,4215.84,active
OK-1023,Mewbourne Oil,Anadarko,Osage,2023-05-01,9755.29,19975.82,6191.86,active
OK-1005,Kirkpatrick Oil,Anadarko,Springer,2025-10-01,3105.66,6218.67,2156.05,active
OK-1024,Casillas Petroleum,SCOOP,Woodford,2023-10-01,6121.57,22996.66,6109.23,active
OK-1002,Comanche Resources,Anadarko,Meramec,2023-07-01,7170.85,23264.58,1469.72,active
OK-1004,Casillas Petroleum,STACK,Woodford,2023-06-01,8975.34,24937.29,6069.55,active
OK-1008,Mewbourne Oil,Anadarko,Woodford,2024-04-01,2256.74,5790.23,867.17,active
OK-1012,Comanche Resources,SCOOP,Woodford,2024-04-01,2753.78,9583.56,794.13,active
OK-1011,Crawley Petroleum,Anadarko,Osage,2025-10-01,0.0,0.0,0.0,inactive
OK-1016,Crawley Petroleum,STACK,Woodford,2023-07-01,7555.11,20599.89,4075.04,active
OK-1014,Casillas Petroleum,Anadarko,Meramec,2025-03-01,5033.52,12458.75,3345.88,active
OK-1001,Crawley Petroleum,STACK,Springer,2023-07-01,6105.99,11823.75,3671.99,active
OK-1012,Comanche Resources,SCOOP,Woodford,2024-06-01,2842.79,9323.78,846.51,active
OK-1003,Mewbourne Oil,SCOOP,Osage,2025-03-01,2198.57,6020.32,1006.78,active
OK-1017,Comanche Resources,Anadarko,Springer,2024-06-01,4340.94,8525.33,2779.88,active
OK-1013,Mewbourne Oil,STACK,Springer,2024-02-01,6936.76,19565.71,4933.61,active
OK-1015,Kirkpatrick Oil,SCOOP,Osage,2025-12-01,4134.59,12809.15,3667.74,active
OK-1008,Mewbourne Oil,Anadarko,Woodford,2025-01-01,1486.45,3324.14,672.59,active
OK-1011,Crawley Petroleum,Anadarko,Osage,2024-01-01,3672.39,8347.01,3914.6,active
OK-1015,Kirkpatrick Oil,SCOOP,Osage,2023-06-01,8469.58,21307.51,3671.34,active
OK-1019,Casillas Petroleum,STACK,Osage,2024-01-01,5860.25,23479.81,1410.38,active
OK-1015,Kirkpatrick Oil,SCOOP,Osage,2023-10-01,8041.98,23169.92,3827.9,active
OK-1025,Kirkpatrick Oil,STACK,Springer,2025-06-01,2097.08,4204.4,1258.67,active
OK-1023,Mewbourne Oil,Anadarko,Osage,2025-07-01,4575.4,7761.35,5604.05,active
OK-1000,Kirkpatrick Oil,SCOOP,Woodford,2023-01-01,5488.5,12114.13,3130.99,active
OK-1011,Crawley Petroleum,Anadarko,Osage,2025-03-01,3274.85,6974.47,4043.98,active
OK-1010,Kirkpatrick Oil,STACK,Meramec,2023-01-01,6861.23,11490.01,3145.0,active
OK-1010,Kirkpatrick Oil,STACK,Meramec,2024-11-01,3540.81,8128.73,2658.04,active
OK-1008,Mewbourne Oil,Anadarko,Woodford,2025-06-01,1438.43,3598.12,730.28,active
OK-1022,Comanche Resources,STACK,Meramec,2024-03-01,4584.45,10852.4,2944.93,active
OK-1017,Comanche Resources,Anadarko,Springer,2024-03-01,4518.57,10011.4,3420.91,active
OK-1015,Kirkpatrick Oil,SCOOP,Osage,2024-01-01,7707.28,18927.29,4403.01,active
OK-1028,Mewbourne Oil,STACK,Woodford,2023-08-01,3039.96,8498.04,1654.2,active
OK-1028,Mewbourne Oil,STACK,Woodford,2025-11-01,,,,active
OK-1017,Comanche Resources,Anadarko,Springer,2023-11-01,5404.06,13418.85,2441.7,active
OK-1004,Casillas Petroleum,STACK,Woodford,2025-06-01,3578.62,10593.91,4744.07,active
OK-1012,Comanche Resources,SCOOP,Woodford,2024-07-01,2597.27,7450.75,992.27,active
OK-1003,Mewbourne Oil,SCOOP,Osage,2024-07-01,2846.33,6556.92,1232.06,active
OK-1025,Kirkpatrick Oil,STACK,Springer,2024-06-01,2793.28,4229.89,1618.63,active
OK-1018,Mewbourne Oil,SCOOP,Meramec,2025-02-01,2013.24,4759.97,708.09,active
OK-1017,Comanche Resources,Anadarko,Springer,2024-08-01,4027.53,9606.99,3101.3,active
OK-1028,Mewbourne Oil,STACK,Woodford,2025-01-01,4916.61,14055.5,3389.87,active
OK-1002,Comanche Resources,Anadarko,Meramec,2024-08-01,5422.76,18338.1,1559.07,active
OK-1029,Casillas Petroleum,Anadarko,Springer,2023-04-01,7806.96,24179.75,1545.95,active
OK-1005,Kirkpatrick Oil,Anadarko,Springer,2023-03-01,8891.09,19382.5,4542.24,active
OK-1010,Kirkpatrick Oil,STACK,Meramec,2023-04-01,6654.14,13540.67,3602.56,active
OK-1014,Casillas Petroleum,Anadarko,Meramec,2025-07-01,4412.64,10747.2,2678.61,active
OK-1007,Comanche Resources,STACK,Osage,2024-12-01,5622.81,13713.3,5455.04,active
OK-1025,Kirkpatrick Oil,STACK,Springer,2023-03-01,5400.36,9868.22,2282.75,active
OK-1028,Mewbourne Oil,STACK,Woodford,2023-07-01,8318.02,23308.65,4860.14,active
OK-1001,Crawley Petroleum,STACK,Springer,2025-09-01,3422.64,7181.39,3643.67,active
OK-1008,Mewbourne Oil,Anadarko,Woodford,2023-05-01,4038.05,10110.97,1130.08,active
OK-1003,Mewbourne Oil,SCOOP,Osage,2025-01-01,2383.39,5586.05,1028.59,active
OK-1008,Mewbourne Oil,Anadarko,Woodford,2024-02-01,2359.37,5746.93,961.09,active
OK-1015,Kirkpatrick Oil,SCOOP,Osage,2023-03-01,10289.95,31297.57,5048.57,active
OK-1009,Casillas Petroleum,SCOOP,Springer,2023-04-01,4994.78,15022.25,2111.34,active
OK-1004,Casillas Petroleum,STACK,Woodford,2023-02-01,9824.61,24102.67,8004.25,active
OK-1014,Casillas Petroleum,Anadarko,Meramec,2025-12-01,4025.37,9829.59,3702.64,active
OK-1018,Mewbourne Oil,SCOOP,Meramec,2024-08-01,4031.87,9734.15,1627.83,active
OK-1026,Crawley Petroleum,Anadarko,Meramec,2025-10-01,978.14,2491.64,1221.6,active
OK-1003,Mewbourne Oil,SCOOP,Osage,2025-05-01,2223.41,5295.59,1016.07,active
OK-1009,Casillas Petroleum,SCOOP,Springer,2024-04-01,3672.49,10862.25,2026.85,active
OK-1024,Casillas Petroleum,SCOOP,Woodford,2023-03-01,9985.67,31745.8,6609.33,active
OK-1004,Casillas Petroleum,STACK,Woodford,2024-10-01,4712.05,13287.37,5645.37,active
OK-1000,Kirkpatrick Oil,SCOOP,Woodford,2025-05-01,1892.61,3826.71,1498.75,active
OK-1017,Comanche Resources,Anadarko,Springer,2025-08-01,2579.51,6735.5,1607.58,active
OK-1005,Kirkpatrick Oil,Anadarko,Springer,2024-03-01,4343.31,7874.62,2987.76,active
OK-1018,Mewbourne Oil,SCOOP,Meramec,2024-07-01,4209.17,11982.54,1270.39,active
OK-1020,Kirkpatrick Oil,Anadarko,Woodford,2023-10-01,8754.5,27902.47,3771.64,active
OK-1012,Comanche Resources,SCOOP,Woodford,2023-02-01,4680.71,14089.51,1205.13,active
OK-1022,Comanche Resources,STACK,Meramec,2024-10-01,4326.28,9267.15,3053.79,active
OK-1004,Casillas Petroleum,STACK,Woodford,2025-03-01,4159.25,12492.97,5693.89,active
OK-1020,Kirkpatrick Oil,Anadarko,Woodford,2023-02-01,10981.09,38637.1,3223.78,active
OK-1003,Mewbourne Oil,SCOOP,Osage,2025-10-01,1794.0,4240.45,660.58,active
OK-1004,Casillas Petroleum,STACK,Woodford,2025-07-01,3583.8,10316.18,4944.6,active
OK-1000,Kirkpatrick Oil,SCOOP,Woodford,2023-07-01,3639.06,7331.63,2261.19,active
OK-1020,Kirkpatrick Oil,Anadarko,Woodford,2024-02-01,6474.14,25080.21,3402.65,active
OK-1015,Kirkpatrick Oil,SCOOP,Osage,2025-04-01,4305.64,13366.96,3218.88,active
OK-1024,Casillas Petroleum,SCOOP,Woodford,2025-01-01,3258.73,14675.92,3927.3,active
OK-1013,Mewbourne Oil,STACK,Springer,2024-12-01,4959.05,16464.8,5402.57,active
OK-1016,Crawley Petroleum,STACK,Woodford,2024-02-01,6004.63,15511.47,3974.2,active
OK-1002,Comanche Resources,Anadarko,Meramec,2023-01-01,16043.69,59486.39,2862.58,active
OK-1021,Crawley Petroleum,SCOOP,Springer,2025-01-01,2156.63,5173.01,1335.75,active
OK-1014,Casillas Petroleum,Anadarko,Meramec,2025-05-01,5234.77,14928.37,3458.24,active
OK-1006,Crawley Petroleum,SCOOP,Meramec,2024-12-01,2824.14,4804.87,2048.52,active
OK-1004,Casillas Petroleum,STACK,Woodford,2023-03-01,8504.13,22522.84,6001.34,active
OK-1025,Kirkpatrick Oil,STACK,Springer,2023-02-01,5549.57,11547.88,2396.96,active
OK-1006,Crawley Petroleum,SCOOP,Meramec,2024-08-01,3234.08,6029.48,2555.21,active
OK-1006,Crawley Petroleum,SCOOP,Meramec,2023-06-01,4788.53,10153.09,2046.2,active
OK-1005,Kirkpatrick Oil,Anadarko,Springer,2025-12-01,3263.14,7608.87,2853.99,active
OK-1020,Kirkpatrick Oil,Anadarko,Woodford,2025-11-01,3197.14,9648.86,5166.06,active
OK-1003,Mewbourne Oil,SCOOP,Osage,2025-02-01,2195.5,5345.34,822.39,active
OK-1029,Casillas Petroleum,Anadarko,Springer,2025-10-01,2449.71,7349.08,777.54,active
OK-1016,Crawley Petroleum,STACK,Woodford,2024-03-01,5848.72,16772.09,3970.17,active
OK-1020,Kirkpatrick Oil,Anadarko,Woodford,2025-06-01,3232.61,11904.96,5496.34,active
OK-1005,Kirkpatrick Oil,Anadarko,Springer,2023-07-01,6986.13,15957.33,3682.98,active
OK-1001,Crawley Petroleum,STACK,Springer,2023-05-01,6417.6,11185.04,4927.94,active
OK-1003,Mewbourne Oil,SCOOP,Osage,2023-02-01,5394.5,14536.34,1182.11,active
OK-1018,Mewbourne Oil,SCOOP,Meramec,2025-04-01,1889.79,4681.85,864.75,active
OK-1014,Casillas Petroleum,Anadarko,Meramec,2024-11-01,5237.42,10972.5,3372.2,active
OK-1022,Comanche Resources,STACK,Meramec,2023-06-01,9209.46,21383.77,4405.75,active
OK-1013,Mewbourne Oil,STACK,Springer,2024-04-01,6837.55,21702.03,4646.06,active
OK-1013,Mewbourne Oil,STACK,Springer,2023-01-01,10650.85,32404.93,4786.36,active
OK-1000,Kirkpatrick Oil,SCOOP,Woodford,2025-01-01,2157.57,4184.6,1536.38,active
OK-1014,Casillas Petroleum,Anadarko,Meramec,2025-08-01,4778.66,10418.7,3443.13,active
OK-1016,Crawley Petroleum,STACK,Woodford,2024-11-01,2696.56,6558.29,2629.61,active
OK-1024,Casillas Petroleum,SCOOP,Woodford,2023-08-01,7995.85,29010.44,7269.8,active
OK-1021,Crawley Petroleum,SCOOP,Springer,2025-12-01,1625.49,3733.13,1338.87,active
OK-1010,Kirkpatrick Oil,STACK,Meramec,2023-07-01,5580.02,12108.85,3660.5,active
OK-1018,Mewbourne Oil,SCOOP,Meramec,2024-11-01,2022.17,4375.93,603.73,active
OK-1010,Kirkpatrick Oil,STACK,Meramec,2024-12-01,3357.69,7557.52,3299.99,active
OK-1012,Comanche Resources,SCOOP,Woodford,2024-11-01,2415.41,7379.1,1058.33,active
OK-1007,Comanche Resources,STACK,Osage,2024-02-01,7262.61,16784.56,5111.8,active
OK-1017,Comanche Resources,Anadarko,Springer,2023-02-01,7519.72,21301.95,3534.09,active
OK-1021,Crawley Petroleum,SCOOP,Springer,2024-12-01,2398.9,5400.8,1516.35,active
OK-1012,Comanche Resources,SCOOP,Woodford,2024-01-01,3200.12,9655.99,926.4,active
OK-1010,Kirkpatrick Oil,STACK,Meramec,2025-12-01,2409.24,4606.45,2621.6,active
OK-1004,Casillas Petroleum,STACK,Woodford,2025-10-01,3519.81,10191.1,4951.52,active
OK-1000,Kirkpatrick Oil,SCOOP,Woodford,2024-07-01,2485.18,5057.54,2186.97,active
OK-1015,Kirkpatrick Oil,SCOOP,Osage,2025-07-01,4427.06,13042.53,3727.81,active
OK-1018,Mewbourne Oil,SCOOP,Meramec,2023-05-01,7864.39,19028.3,2116.18,active
OK-1001,Crawley Petroleum,STACK,Springer,2025-01-01,4198.12,8855.38,4884.83,active
OK-1007,Comanche Resources,STACK,Osage,2024-10-01,6043.84,12824.08,4387.37,active
OK-1027,Comanche Resources,SCOOP,Osage,2025-09-01,1772.08,6399.82,1262.26,active
OK-1007,Comanche Resources,STACK,Osage,2025-04-01,5283.32,14887.01,5207.88,active
OK-1026,Crawley Petroleum,Anadarko,Meramec,2025-12-01,1020.09,2969.26,1170.13,active
OK-1010,Kirkpatrick Oil,STACK,Meramec,2023-09-01,5442.59,11580.68,3658.78,active
OK-1019,Casillas Petroleum,STACK,Osage,2024-11-01,3983.25,15241.47,1398.87,active
OK-1018,Mewbourne Oil,SCOOP,Meramec,2023-10-01,6222.5,14941.24,1471.17,active
OK-1026,Crawley Petroleum,Anadarko,Meramec,2024-04-01,2730.71,7300.86,660.92,active
OK-1015,Kirkpatrick Oil,SCOOP,Osage,2023-08-01,7870.92,24534.89,4413.66,active
OK-1019,Casillas Petroleum,STACK,Osage,2024-04-01,4927.15,19032.62,942.14,active
OK-1020,Kirkpatrick Oil,Anadarko,Woodford,2025-10-01,3350.61,11035.57,6678.45,active
OK-1012,Comanche Resources,SCOOP,Woodford,2025-01-01,2193.89,5953.84,836.18,active
OK-1010,Kirkpatrick Oil,STACK,Meramec,2025-10-01,2604.35,5730.15,2499.22,active
OK-1026,Crawley Petroleum,Anadarko,Meramec,2025-04-01,1350.29,3688.21,1259.36,active
OK-1021,Crawley Petroleum,SCOOP,Springer,2023-11-01,3815.45,7195.15,2079.44,active
OK-1010,Kirkpatrick Oil,STACK,Meramec,2024-04-01,4635.21,8569.25,3531.74,active
OK-1011,Crawley Petroleum,Anadarko,Osage,2024-05-01,3755.25,8461.37,3612.08,active
OK-1002,Comanche Resources,Anadarko,Meramec,2023-02-01,13011.92,49695.71,2517.27,active
OK-1027,Comanche Resources,SCOOP,Osage,2025-05-01,2063.1,6212.14,1781.52,active
OK-1013,Mewbourne Oil,STACK,Springer,2025-09-01,3819.53,11367.7,4035.96,active
OK-1023,Mewbourne Oil,Anadarko,Osage,2024-11-01,5587.84,10881.58,5187.6,active
OK-1003,Mewbourne Oil,SCOOP,Osage,2023-08-01,4409.59,8914.68,1350.98,active
OK-1011,Crawley Petroleum,Anadarko,Osage,2024-10-01,3513.84,8062.75,3932.12,active
OK-1002,Comanche Resources,Anadarko,Meramec,2024-07-01,4481.92,16872.92,1176.63,active
OK-1028,Mewbourne Oil,STACK,Woodford,2025-03-01,4815.15,13252.39,3543.09,active
OK-1027,Comanche Resources,SCOOP,Osage,2024-02-01,3425.9,11957.98,2036.75,active
OK-1019,Casillas Petroleum,STACK,Osage,2023-12-01,5985.14,21838.7,1358.19,active
OK-1019,Casillas Petroleum,STACK,Osage,2024-07-01,4306.9,14291.06,1231.34,active
OK-1000,Kirkpatrick Oil,SCOOP,Woodford,2023-12-01,3315.81,7479.29,1962.85,active
OK-1011,Crawley Petroleum,Anadarko,Osage,2023-01-01,5689.23,10615.54,4481.1,active
OK-1024,Casillas Petroleum,SCOOP,Woodford,2023-11-01,6127.57,22020.81,6211.13,active
OK-1025,Kirkpatrick Oil,STACK,Springer,2023-05-01,4722.8,8226.4,2558.45,active
OK-1001,Crawley Petroleum,STACK,Springer,2023-06-01,6111.3,12336.08,5126.02,active
OK-1004,Casillas Petroleum,STACK,Woodford,2025-01-01,4693.86,12496.14,5727.21,active
OK-1011,Crawley Petroleum,Anadarko,Osage,2024-09-01,3561.49,7662.09,3272.86,active
OK-1016,Crawley Petroleum,STACK,Woodford,2023-01-01,9223.67,26334.81,4218.7,active
OK-1025,Kirkpatrick Oil,STACK,Springer,2025-11-01,2140.74,4053.8,1917.52,active
OK-1011,Crawley Petroleum,Anadarko,Osage,2025-07-01,0.0,0.0,0.0,inactive
OK-1015,Kirkpatrick Oil,SCOOP,Osage,2023-05-01,9685.3,30399.8,4933.5,active
OK-1027,Comanche Resources,SCOOP,Osage,2025-06-01,2159.12,8090.08,1531.24,active
OK-1029,Casillas Petroleum,Anadarko,Springer,2024-05-01,3923.96,13905.48,1048.44,active
OK-1021,Crawley Petroleum,SCOOP,Springer,2025-02-01,2143.78,4556.29,1596.4,active
OK-1019,Casillas Petroleum,STACK,Osage,2024-08-01,3976.78,14961.42,960.16,active
OK-1007,Comanche Resources,STACK,Osage,2023-07-01,8954.05,19765.55,4978.74,active
OK-1009,Casillas Petroleum,SCOOP,Springer,2024-01-01,4181.21,14646.95,2025.21,active
OK-1000,Kirkpatrick Oil,SCOOP,Woodford,2024-04-01,2760.87,6050.89,2012.37,active
OK-1020,Kirkpatrick Oil,Anadarko,Woodford,2023-01-01,11128.98,38433.33,4134.61,active
OK-1009,Casillas Petroleum,SCOOP,Springer,2023-02-01,5829.15,19771.32,1773.11,active
OK-1024,Casillas Petroleum,SCOOP,Woodford,2023-01-01,11440.89,43328.3,8338.61,active
OK-1006,Crawley Petroleum,SCOOP,Meramec,2023-08-01,4519.06,8589.3,2442.76,active
OK-1005,Kirkpatrick Oil,Anadarko,Springer,2023-01-01,9406.13,22198.42,4451.68,active
OK-1002,Comanche Resources,Anadarko,Meramec,2025-05-01,2058.8,7554.14,745.8,active
OK-1014,Casillas Petroleum,Anadarko,Meramec,2024-06-01,5813.24,13331.51,4172.83,active
OK-1000,Kirkpatrick Oil,SCOOP,Woodford,2024-11-01,2053.49,3860.21,1710.58,active
OK-1009,Casillas Petroleum,SCOOP,Springer,2025-10-01,2592.08,8349.92,1915.46,active
OK-1021,Crawley Petroleum,SCOOP,Springer,2023-08-01,4251.49,10020.8,1832.63,active
OK-1027,Comanche Resources,SCOOP,Osage,2023-09-01,3941.39,12956.16,2179.9,active
OK-1022,Comanche Resources,STACK,Meramec,2023-11-01,6095.47,14332.35,4142.42,active
OK-1009,Casillas Petroleum,SCOOP,Springer,2024-06-01,3436.27,11039.2,1390.99,active
OK-1011,Crawley Petroleum,Anadarko,Osage,2025-12-01,0.0,0.0,0.0,inactive
OK-1017,Comanche Resources,Anadarko,Springer,2024-07-01,4232.94,10671.02,2808.73,active
OK-1026,Crawley Petroleum,Anadarko,Meramec,2024-02-01,3025.63,7845.47,605.74,active
OK-1005,Kirkpatrick Oil,Anadarko,Springer,2025-01-01,3856.93,9561.52,3201.07,active
OK-1020,Kirkpatrick Oil,Anadarko,Woodford,2023-03-01,10518.77,32980.06,4498.76,active
OK-1002,Comanche Resources,Anadarko,Meramec,2024-11-01,3441.96,11129.1,1044.97,active
OK-1020,Kirkpatrick Oil,Anadarko,Woodford,2024-11-01,5972.7,20101.0,4274.03,active
OK-1001,Crawley Petroleum,STACK,Springer,2025-08-01,3797.11,6914.45,4664.7,active
OK-1019,Casillas Petroleum,STACK,Osage,2025-06-01,3345.68,12858.29,953.68,active
OK-1007,Comanche Resources,STACK,Osage,2025-10-01,4456.83,11123.63,4752.77,active
OK-1025,Kirkpatrick Oil,STACK,Springer,2024-03-01,2999.29,6364.89,1639.28,active
OK-1012,Comanche Resources,SCOOP,Woodford,2023-03-01,4326.69,13481.39,1086.38,active
OK-1004,Casillas Petroleum,STACK,Woodford,2023-11-01,7086.1,21160.87,5361.16,active
OK-1002,Comanche Resources,Anadarko,Meramec,2023-03-01,10054.75,35161.4,1689.27,active
OK-1023,Mewbourne Oil,Anadarko,Osage,2023-08-01,8320.75,15258.8,5329.69,active
OK-1016,Crawley Petroleum,STACK,Woodford,2023-05-01,8509.81,25456.4,4741.34,active
OK-1012,Comanche Resources,SCOOP,Woodford,2024-03-01,2830.98,8683.5,883.46,active
OK-1005,Kirkpatrick Oil,Anadarko,Springer,2023-10-01,6223.39,12939.96,3453.43,active
OK-1007,Comanche Resources,STACK,Osage,2024-09-01,5688.88,14288.75,5040.38,active
OK-1006,Crawley Petroleum,SCOOP,Meramec,2024-10-01,2853.82,5334.49,1486.73,active
OK-1013,Mewbourne Oil,STACK,Springer,2024-08-01,5175.15,15031.29,3874.1,active
OK-1029,Casillas Petroleum,Anadarko,Springer,2023-02-01,9641.16,28854.02,1190.32,active
OK-1015,Kirkpatrick Oil,SCOOP,Osage,2024-08-01,5275.33,15746.8,4037.94,active
OK-1003,Mewbourne Oil,SCOOP,Osage,2023-11-01,3526.36,7995.76,1134.14,active
OK-1025,Kirkpatrick Oil,STACK,Springer,2025-07-01,2325.57,4772.02,1593.99,active
OK-1014,Casillas Petroleum,Anadarko,Meramec,2023-09-01,7400.08,18251.51,3147.64,active
OK-1026,Crawley Petroleum,Anadarko,Meramec,2023-03-01,4971.21,12891.87,668.2,active
OK-1018,Mewbourne Oil,SCOOP,Meramec,2025-07-01,1755.74,4183.02,602.29,active
OK-1003,Mewbourne Oil,SCOOP,Osage,2024-08-01,2349.13,4906.74,893.39,active
OK-1003,Mewbourne Oil,SCOOP,Osage,2023-10-01,3950.17,8903.5,1174.3,active
OK-1013,Mewbourne Oil,STACK,Springer,2023-06-01,8873.03,28987.82,5919.28,active
OK-1027,Comanche Resources,SCOOP,Osage,2025-11-01,1665.92,5139.18,1839.78,active
OK-1001,Crawley Petroleum,STACK,Springer,2024-09-01,4128.6,7891.96,4309.23,active
OK-1016,Crawley Petroleum,STACK,Woodford,2025-04-01,2404.97,6597.14,2120.57,active
OK-1027,Comanche Resources,SCOOP,Osage,2023-07-01,4378.23,15180.85,1897.36,active
OK-1002,Comanche Resources,Anadarko,Meramec,2025-11-01,3240.32,12155.44,869.72,active
OK-1017,Comanche Resources,Anadarko,Springer,2024-12-01,3566.2,8564.02,2531.79,active
OK-1010,Kirkpatrick Oil,STACK,Meramec,2023-10-01,5039.83,10892.28,2993.26,active
OK-1007,Comanche Resources,STACK,Osage,2024-06-01,5859.35,15363.77,5230.34,active
OK-1001,Crawley Petroleum,STACK,Springer,2023-10-01,5635.81,10032.66,4111.81,active
OK-1009,Casillas Petroleum,SCOOP,Springer,2025-03-01,2824.51,8422.69,2304.43,active
OK-1005,Kirkpatrick Oil,Anadarko,Springer,2024-05-01,5344.34,10662.48,3398.86,active
OK-1002,Comanche Resources,Anadarko,Meramec,2025-08-01,2664.2,10777.0,980.38,active
OK-1026,Crawley Petroleum,Anadarko,Meramec,2024-03-01,2696.17,7011.4,554.43,active
OK-1025,Kirkpatrick Oil,STACK,Springer,2023-06-01,4577.43,8419.53,1745.88,active
OK-1021,Crawley Petroleum,SCOOP,Springer,2025-09-01,1685.57,3629.1,1393.77,active
OK-1023,Mewbourne Oil,Anadarko,Osage,2024-02-01,6938.24,13473.24,5141.65,active
OK-1007,Comanche Resources,STACK,Osage,2024-01-01,7333.79,16558.34,5459.82,active
OK-1026,Crawley Petroleum,Anadarko,Meramec,2023-05-01,4843.39,11996.83,972.96,active
OK-1012,Comanche Resources,SCOOP,Woodford,2023-12-01,3303.48,11240.56,1009.25,active
OK-1021,Crawley Petroleum,SCOOP,Springer,2024-05-01,3389.95,7766.18,1513.41,active
OK-1008,Mewbourne Oil,Anadarko,Woodford,2024-06-01,2062.32,5326.02,729.7,active
OK-1009,Casillas Petroleum,SCOOP,Springer,2024-07-01,3260.23,9842.95,1580.8,active
OK-1019,Casillas Petroleum,STACK,Osage,2023-05-01,8096.7,27759.96,1400.16,active
OK-1008,Mewbourne Oil,Anadarko,Woodford,2025-03-01,1551.13,3694.58,597.52,active
OK-1004,Casillas Petroleum,STACK,Woodford,2023-07-01,8112.25,22712.62,6295.1,active
OK-1003,Mewbourne Oil,SCOOP,Osage,2024-06-01,2793.54,7315.83,1039.76,active
OK-1024,Casillas Petroleum,SCOOP,Woodford,2025-08-01,0.0,0.0,0.0,inactive
OK-1025,Kirkpatrick Oil,STACK,Springer,2025-12-01,2058.94,3189.24,1727.56,active
OK-1001,Crawley Petroleum,STACK,Springer,2024-02-01,5351.31,9025.05,4187.0,active
OK-1009,Casillas Petroleum,SCOOP,Springer,2025-07-01,2652.86,8407.9,1460.65,active
OK-1028,Mewbourne Oil,STACK,Woodford,2025-07-01,2862.08,7541.17,2193.2,active
OK-1003,Mewbourne Oil,SCOOP,Osage,2025-12-01,1693.45,3743.69,625.9,active
OK-1013,Mewbourne Oil,STACK,Springer,2023-03-01,8994.26,30939.53,4929.74,active
OK-1018,Mewbourne Oil,SCOOP,Meramec,2023-06-01,7578.69,19253.96,2431.84,active
OK-1011,Crawley Petroleum,Anadarko,Osage,2023-04-01,5204.94,11675.95,3134.28,active
OK-1019,Casillas Petroleum,STACK,Osage,2025-09-01,2850.51,10066.07,1105.1,active
OK-1008,Mewbourne Oil,Anadarko,Woodford,2025-10-01,1260.07,2551.07,760.09,active
OK-1000,Kirkpatrick Oil,SCOOP,Woodford,2024-08-01,2629.36,5300.92,1922.52,active
OK-1027,Comanche Resources,SCOOP,Osage,2025-10-01,1772.39,5721.57,1742.1,active
OK-1024,Casillas Petroleum,SCOOP,Woodford,2025-12-01,0.0,0.0,0.0,inactive
OK-1025,Kirkpatrick Oil,STACK,Springer,2024-08-01,2683.87,5796.91,1643.05,active
OK-1011,Crawley Petroleum,Anadarko,Osage,2023-12-01,4314.13,9797.14,3959.97,active
OK-1014,Casillas Petroleum,Anadarko,Meramec,2025-10-01,4020.46,9744.07,3093.54,active
OK-1019,Casillas Petroleum,STACK,Osage,2025-04-01,3575.16,13603.08,930.79,active
OK-1001,Crawley Petroleum,STACK,Springer,2023-02-01,7520.41,16533.21,5180.58,active
OK-1004,Casillas Petroleum,STACK,Woodford,2025-09-01,3187.63,8990.67,3311.54,active
OK-1006,Crawley Petroleum,SCOOP,Meramec,2025-07-01,2587.8,4772.86,1809.31,active
OK-1026,Crawley Petroleum,Anadarko,Meramec,2023-08-01,4005.87,11006.7,595.39,active
OK-1021,Crawley Petroleum,SCOOP,Springer,2023-09-01,4319.9,9021.14,2474.26,active
OK-1029,Casillas Petroleum,Anadarko,Springer,2025-12-01,1976.99,6568.07,638.72,active
OK-1027,Comanche Resources,SCOOP,Osage,2023-06-01,4977.05,18028.24,2123.8,active
OK-1004,Casillas Petroleum,STACK,Woodford,2023-12-01,6738.37,19698.04,5455.75,active
OK-1017,Comanche Resources,Anadarko,Springer,2025-03-01,3601.17,8601.1,2713.71,active
OK-1018,Mewbourne Oil,SCOOP,Meramec,2024-03-01,4946.86,11873.6,1456.27,active
OK-1008,Mewbourne Oil,Anadarko,Woodford,2023-01-01,5254.69,14310.6,1407.27,active
OK-1017,Comanche Resources,Anadarko,Springer,2024-02-01,4945.24,12196.65,2512.64,active
OK-1019,Casillas Petroleum,STACK,Osage,2023-01-01,9124.65,33199.3,1542.95,active
OK-1019,Casillas Petroleum,STACK,Osage,2023-09-01,6610.51,23023.94,1524.16,active
OK-1015,Kirkpatrick Oil,SCOOP,Osage,2025-06-01,4719.08,11456.54,3458.43,active
OK-1023,Mewbourne Oil,Anadarko,Osage,2024-09-01,5829.23,11412.87,5977.57,active
OK-1000,Kirkpatrick Oil,SCOOP,Woodford,2024-06-01,2564.44,5709.34,1947.84,active
OK-1003,Mewbourne Oil,SCOOP,Osage,2024-09-01,2377.25,6111.49,973.98,active
OK-1008,Mewbourne Oil,Anadarko,Woodford,2025-12-01,1143.69,2299.35,686.54,active
OK-1007,Comanche Resources,STACK,Osage,2023-05-01,9258.5,20405.76,4237.15,active
OK-1020,Kirkpatrick Oil,Anadarko,Woodford,2025-08-01,3666.06,12173.17,4646.51,active
OK-1029,Casillas Petroleum,Anadarko,Springer,2024-08-01,3965.72,13590.48,1051.44,active
OK-1005,Kirkpatrick Oil,Anadarko,Springer,2023-12-01,5462.9,11063.17,4031.78,active
OK-1003,Mewbourne Oil,SCOOP,Osage,2023-09-01,4076.1,10371.61,1166.74,active
OK-1029,Casillas Petroleum,Anadarko,Springer,2024-03-01,4588.82,14569.13,788.3,active
OK-1019,Casillas Petroleum,STACK,Osage,2024-12-01,3686.23,10940.24,915.69,active
OK-1016,Crawley Petroleum,STACK,Woodford,2025-07-01,2061.38,5217.48,1880.93,active
OK-1005,Kirkpatrick Oil,Anadarko,Springer,2023-02-01,9764.5,18536.11,5193.4,active
OK-1008,Mewbourne Oil,Anadarko,Woodford,2024-03-01,2471.61,6182.7,996.97,active
OK-1024,Casillas Petroleum,SCOOP,Woodford,2023-02-01,10598.32,45286.13,8073.94,active
OK-1028,Mewbourne Oil,STACK,Woodford,2024-12-01,3555.32,9694.43,2474.96,active
OK-1022,Comanche Resources,STACK,Meramec,2025-11-01,2586.44,5610.54,2009.17,active
OK-1021,Crawley Petroleum,SCOOP,Springer,2025-03-01,2141.22,5116.99,1341.05,active
OK-1021,Crawley Petroleum,SCOOP,Springer,2023-03-01,6561.68,15557.87,2991.23,active
OK-1014,Casillas Petroleum,Anadarko,Meramec,2024-02-01,6818.34,15637.17,3086.07,active
OK-1010,Kirkpatrick Oil,STACK,Meramec,2024-01-01,4525.41,9660.32,2725.53,active
OK-1001,Crawley Petroleum,STACK,Springer,2023-09-01,6078.88,11382.34,4565.44,active
OK-1013,Mewbourne Oil,STACK,Springer,2023-09-01,7876.39,23532.91,5385.65,active
OK-1004,Casillas Petroleum,STACK,Woodford,2024-03-01,6260.78,20645.61,5115.71,active
OK-1023,Mewbourne Oil,Anadarko,Osage,2024-10-01,6051.58,10832.24,6067.25,active
OK-1004,Casillas Petroleum,STACK,Woodford,2025-05-01,3800.87,10215.89,4302.77,active
OK-1000,Kirkpatrick Oil,SCOOP,Woodford,2024-05-01,2644.37,5850.92,2379.63,active
OK-1014,Casillas Petroleum,Anadarko,Meramec,2023-08-01,8265.48,21374.78,3858.01,active
OK-1001,Crawley Petroleum,STACK,Springer,2023-12-01,5093.91,9220.94,4364.3,active
OK-1005,Kirkpatrick Oil,Anadarko,Springer,2024-01-01,5783.19,11962.99,3732.31,active
OK-1026,Crawley Petroleum,Anadarko,Meramec,2024-10-01,2027.19,4877.42,463.49,active
OK-1014,Casillas Petroleum,Anadarko,Meramec,2023-12-01,7508.66,15834.26,3637.27,active
OK-1022,Comanche Resources,STACK,Meramec,2023-08-01,7542.31,17002.66,4226.7,active
OK-1021,Crawley Petroleum,SCOOP,Springer,2025-04-01,2184.92,4620.02,1692.14,active
OK-1013,Mewbourne Oil,STACK,Springer,2024-01-01,6932.27,23704.17,5294.15,active
OK-1007,Comanche Resources,STACK,Osage,2025-09-01,5065.96,11517.67,3300.1,active
OK-1022,Comanche Resources,STACK,Meramec,2025-05-01,3577.02,7884.74,3414.94,active
OK-1020,Kirkpatrick Oil,Anadarko,Woodford,2025-05-01,3676.92,12457.12,5296.99,active
OK-1006,Crawley Petroleum,SCOOP,Meramec,2023-11-01,3679.54,6964.9,2136.6,active
OK-1000,Kirkpatrick Oil,SCOOP,Woodford,2025-03-01,1835.52,3886.4,1752.37,active
OK-1024,Casillas Petroleum,SCOOP,Woodford,2025-04-01,3208.84,12982.96,4089.06,active
OK-1012,Comanche Resources,SCOOP,Woodford,2023-06-01,4313.36,12812.95,1040.72,active
OK-1029,Casillas Petroleum,Anadarko,Springer,2023-09-01,6033.71,18602.07,969.6,active
OK-1010,Kirkpatrick Oil,STACK,Meramec,2023-05-01,6155.95,13869.55,4151.09,active
OK-1006,Crawley Petroleum,SCOOP,Meramec,2024-03-01,3379.39,5638.66,1970.27,active
OK-1001,Crawley Petroleum,STACK,Springer,2023-01-01,8002.63,14161.26,5467.71,active
OK-1018,Mewbourne Oil,SCOOP,Meramec,2024-10-01,3693.55,8164.56,956.57,active
OK-1029,Casillas Petroleum,Anadarko,Springer,2024-09-01,3819.3,11446.54,979.8,active
OK-1010,Kirkpatrick Oil,STACK,Meramec,2024-03-01,4770.12,8866.48,3585.9,active
OK-1013,Mewbourne Oil,STACK,Springer,2023-02-01,10436.68,35799.96,5522.53,active
OK-1029,Casillas Petroleum,Anadarko,Springer,2024-10-01,3383.15,10513.02,646.9,active
OK-1019,Casillas Petroleum,STACK,Osage,2023-03-01,8483.61,30332.68,1262.78,active
OK-1026,Crawley Petroleum,Anadarko,Meramec,2025-09-01,1128.95,2818.89,1349.32,active
OK-1026,Crawley Petroleum,Anadarko,Meramec,2025-03-01,1198.51,2916.02,1384.5,active
OK-1023,Mewbourne Oil,Anadarko,Osage,2023-02-01,10987.4,21008.16,5871.19,active
OK-1005,Kirkpatrick Oil,Anadarko,Springer,2024-04-01,5270.78,11397.9,4192.54,active
OK-1027,Comanche Resources,SCOOP,Osage,2023-02-01,6360.83,25463.11,2447.4,active
OK-1027,Comanche Resources,SCOOP,Osage,2023-12-01,3649.73,11301.03,2405.23,active
OK-1013,Mewbourne Oil,STACK,Springer,2025-12-01,3460.81,9919.96,3512.9,active
OK-1029,Casillas Petroleum,Anadarko,Springer,2024-11-01,3381.8,9353.18,778.39,active
OK-1026,Crawley Petroleum,Anadarko,Meramec,2023-11-01,3243.69,7777.73,614.01,active
OK-1016,Crawley Petroleum,STACK,Woodford,2023-04-01,7663.82,20179.13,3899.69,active
OK-1004,Casillas Petroleum,STACK,Woodford,2024-06-01,5915.94,15765.71,4814.58,active
OK-1018,Mewbourne Oil,SCOOP,Meramec,2025-09-01,1698.69,4081.51,678.88,active
OK-1028,Mewbourne Oil,STACK,Woodford,2023-03-01,7780.78,24392.65,2977.69,active
OK-1004,Casillas Petroleum,STACK,Woodford,2024-08-01,4829.81,12333.26,4828.74,active
OK-1019,Casillas Petroleum,STACK,Osage,2024-09-01,4223.48,15783.92,1247.25,active
OK-1022,Comanche Resources,STACK,Meramec,2023-10-01,6535.35,14998.09,3668.31,active
OK-1004,Casillas Petroleum,STACK,Woodford,2023-10-01,7223.88,21644.72,7717.73,active
OK-1026,Crawley Petroleum,Anadarko,Meramec,2025-11-01,982.8,2538.58,1096.18,active
OK-1022,Comanche Resources,STACK,Meramec,2023-07-01,7044.86,17031.86,4454.46,active
OK-1028,Mewbourne Oil,STACK,Woodford,2024-03-01,5503.24,14973.56,3208.13,active
OK-1003,Mewbourne Oil,SCOOP,Osage,2023-05-01,5142.29,11166.09,1733.89,active
OK-1006,Crawley Petroleum,SCOOP,Meramec,2023-12-01,3429.22,5828.69,1855.2,active
OK-1021,Crawley Petroleum,SCOOP,Springer,2025-06-01,1763.07,4672.14,1274.53,active
OK-1002,Comanche Resources,Anadarko,Meramec,2025-09-01,2010.98,6014.31,524.26,active
OK-1011,Crawley Petroleum,Anadarko,Osage,2025-02-01,2878.82,6557.06,3098.05,active
OK-1011,Crawley Petroleum,Anadarko,Osage,2024-12-01,3228.96,7290.15,3305.12,active
OK-1028,Mewbourne Oil,STACK,Woodford,2024-05-01,3761.2,10820.73,2486.86,active
OK-1016,Crawley Petroleum,STACK,Woodford,2023-11-01,6533.3,18213.21,4348.84,active
OK-1024,Casillas Petroleum,SCOOP,Woodford,2025-02-01,3202.56,11143.63,4376.16,active
OK-1018,Mewbourne Oil,SCOOP,Meramec,2025-01-01,2051.79,4662.19,721.84,active
OK-1003,Mewbourne Oil,SCOOP,Osage,2024-01-01,3408.67,7651.16,1073.51,active
OK-1001,Crawley Petroleum,STACK,Springer,2024-05-01,4852.14,9231.73,4603.12,active
OK-1004,Casillas Petroleum,STACK,Woodford,2023-09-01,7003.88,18259.82,6407.83,active
OK-1011,Crawley Petroleum,Anadarko,Osage,2023-08-01,4960.21,11464.85,4013.13,active
OK-1029,Casillas Petroleum,Anadarko,Springer,2025-05-01,2949.88,10530.01,756.71,active
OK-1005,Kirkpatrick Oil,Anadarko,Springer,2025-05-01,3447.38,7647.06,3307.84,active
OK-1018,Mewbourne Oil,SCOOP,Meramec,2023-11-01,5979.83,13101.31,1401.42,active
OK-1026,Crawley Petroleum,Anadarko,Meramec,2025-02-01,1176.06,2777.77,996.01,active
OK-1026,Crawley Petroleum,Anadarko,Meramec,2023-10-01,3168.51,7345.91,699.69,active
OK-1000,Kirkpatrick Oil,SCOOP,Woodford,2023-09-01,3503.71,7173.49,2285.95,active
OK-1025,Kirkpatrick Oil,STACK,Springer,2024-07-01,2975.36,4954.58,1639.6,active
OK-1000,Kirkpatrick Oil,SCOOP,Woodford,2025-12-01,1621.92,3291.77,1512.3,active
OK-1012,Comanche Resources,SCOOP,Woodford,2024-09-01,2556.72,8072.07,869.8,active
OK-1018,Mewbourne Oil,SCOOP,Meramec,2023-04-01,8517.78,19100.36,2084.9,active
OK-1007,Comanche Resources,STACK,Osage,2023-03-01,9626.09,23705.95,5748.38,active
OK-1008,Mewbourne Oil,Anadarko,Woodford,2024-05-01,2126.57,5023.34,747.8,active
OK-1023,Mewbourne Oil,Anadarko,Osage,2024-12-01,4788.42,9482.49,3824.14,active
OK-1015,Kirkpatrick Oil,SCOOP,Osage,2025-08-01,3953.76,11391.99,2890.15,active
OK-1017,Comanche Resources,Anadarko,Springer,2023-12-01,5044.25,11720.04,2759.73,active
OK-1022,Comanche Resources,STACK,Meramec,2024-06-01,4959.38,12206.33,3342.92,active
OK-1022,Comanche Resources,STACK,Meramec,2025-06-01,3199.59,7639.59,2593.72,active
OK-1027,Comanche Resources,SCOOP,Osage,2025-01-01,2192.11,8106.45,1836.81,active
OK-1007,Comanche Resources,STACK,Osage,2023-12-01,7873.38,16449.58,5356.55,active
OK-1016,Crawley Petroleum,STACK,Woodford,2025-11-01,1986.34,5296.21,1999.18,active
OK-1008,Mewbourne Oil,Anadarko,Woodford,2023-11-01,2837.27,6506.24,1065.39,active
OK-1011,Crawley Petroleum,Anadarko,Osage,2024-07-01,3809.19,8977.09,3925.45,active
OK-1004,Casillas Petroleum,STACK,Woodford,2023-08-01,8207.49,23654.41,5889.35,active
OK-1024,Casillas Petroleum,SCOOP,Woodford,2025-10-01,0.0,0.0,0.0,inactive
OK-1021,Crawley Petroleum,SCOOP,Springer,2024-10-01,2409.83,5794.5,1821.23,active
OK-1017,Comanche Resources,Anadarko,Springer,2025-05-01,2922.33,6671.75,1984.65,active
OK-1028,Mewbourne Oil,STACK,Woodford,2023-01-01,,,,active
OK-1015,Kirkpatrick Oil,SCOOP,Osage,2023-11-01,7576.15,22320.1,4007.44,active
OK-1025,Kirkpatrick Oil,STACK,Springer,2023-01-01,5875.03,10464.18,2037.43,active
OK-1013,Mewbourne Oil,STACK,Springer,2024-09-01,5745.1,18604.91,4442.96,active
OK-1019,Casillas Petroleum,STACK,Osage,2025-02-01,3697.41,13700.3,1005.18,active
OK-1004,Casillas Petroleum,STACK,Woodford,2023-05-01,10417.4,29119.2,5672.45,active
OK-1004,Casillas Petroleum,STACK,Woodford,2023-04-01,9368.47,27094.53,7302.51,active
OK-1022,Comanche Resources,STACK,Meramec,2025-08-01,2955.82,5736.17,2361.94,active
OK-1009,Casillas Petroleum,SCOOP,Springer,2024-11-01,2998.5,10995.16,1541.35,active
OK-1023,Mewbourne Oil,Anadarko,Osage,2024-05-01,6863.93,13846.45,6831.09,active
OK-1027,Comanche Resources,SCOOP,Osage,2025-08-01,2150.69,7916.2,1893.06,active
OK-1018,Mewbourne Oil,SCOOP,Meramec,2023-12-01,5229.31,11894.91,1386.42,active
OK-1021,Crawley Petroleum,SCOOP,Springer,2024-02-01,3171.19,6980.82,1681.09,active
OK-1009,Casillas Petroleum,SCOOP,Springer,2025-02-01,2980.16,7965.48,2546.97,active
OK-1012,Comanche Resources,SCOOP,Woodford,2025-08-01,1611.27,4831.78,749.93,active
OK-1009,Casillas Petroleum,SCOOP,Springer,2023-03-01,5197.25,14881.77,1997.59,active
OK-1005,Kirkpatrick Oil,Anadarko,Springer,2023-08-01,6738.44,13667.14,2896.22,active
OK-1003,Mewbourne Oil,SCOOP,Osage,2024-05-01,2865.19,6982.96,1336.68,active
OK-1027,Comanche Resources,SCOOP,Osage,2023-01-01,6417.78,22288.85,3112.45,active
OK-1016,Crawley Petroleum,STACK,Woodford,2025-09-01,2307.75,6731.06,2447.27,active
OK-1004,Casillas Petroleum,STACK,Woodford,2023-01-01,10861.82,28864.84,8689.4,active
OK-1020,Kirkpatrick Oil,Anadarko,Woodford,2025-07-01,3538.64,10753.96,4100.03,active
OK-1029,Casillas Petroleum,Anadarko,Springer,2024-04-01,4255.16,13661.09,946.43,active
OK-1005,Kirkpatrick Oil,Anadarko,Springer,2024-07-01,3938.11,8714.67,3143.32,active
OK-1016,Crawley Petroleum,STACK,Woodford,2025-10-01,2058.54,4891.78,2130.59,active
OK-1007,Comanche Resources,STACK,Osage,2025-05-01,5357.17,12725.43,5795.86,active
OK-1008,Mewbourne Oil,Anadarko,Woodford,2023-07-01,3868.74,9512.52,1132.84,active
OK-1026,Crawley Petroleum,Anadarko,Meramec,2023-12-01,3055.18,7748.57,542.64,active
OK-1011,Crawley Petroleum,Anadarko,Osage,2023-05-01,5289.12,11996.61,4389.54,active
OK-1003,Mewbourne Oil,SCOOP,Osage,2024-04-01,3097.13,7528.72,1081.16,active
OK-1005,Kirkpatrick Oil,Anadarko,Springer,2023-05-01,8382.9,16241.12,3389.87,active
OK-1005,Kirkpatrick Oil,Anadarko,Springer,2024-12-01,3966.08,8488.85,2838.87,active
OK-1012,Comanche Resources,SCOOP,Woodford,2023-07-01,3383.55,9814.63,1023.86,active
OK-1023,Mewbourne Oil,Anadarko,Osage,2023-07-01,8464.69,17196.95,5684.0,active
OK-1006,Crawley Petroleum,SCOOP,Meramec,2025-08-01,2514.93,5057.58,1970.29,active
OK-1011,Crawley Petroleum,Anadarko,Osage,2024-08-01,3431.63,7469.36,4095.31,active
OK-1024,Casillas Petroleum,SCOOP,Woodford,2024-10-01,3682.41,15863.1,5431.4,active
OK-1024,Casillas Petroleum,SCOOP,Woodford,2023-09-01,6819.29,24509.63,5573.42,active
OK-1028,Mewbourne Oil,STACK,Woodford,2024-08-01,4062.33,11925.03,1746.15,active
OK-1024,Casillas Petroleum,SCOOP,Woodford,2024-01-01,5881.23,23458.67,4816.2,active
OK-1027,Comanche Resources,SCOOP,Osage,2025-12-01,1694.38,5600.4,1676.63,active
OK-1003,Mewbourne Oil,SCOOP,Osage,2024-11-01,2106.33,5433.9,818.49,active
OK-1017,Comanche Resources,Anadarko,Springer,2025-02-01,3208.32,8426.3,1872.93,active
OK-1011,Crawley Petroleum,Anadarko,Osage,2023-07-01,4842.29,11031.24,3098.52,active
OK-1024,Casillas Petroleum,SCOOP,Woodford,2025-06-01,0.0,0.0,0.0,inactive
OK-1024,Casillas Petroleum,SCOOP,Woodford,2024-04-01,5039.85,16589.78,4938.61,active
OK-1020,Kirkpatrick Oil,Anadarko,Woodford,2024-03-01,7765.42,29306.36,3691.45,active
OK-1028,Mewbourne Oil,STACK,Woodford,2024-11-01,5214.24,13680.54,3070.66,active
OK-1006,Crawley Petroleum,SCOOP,Meramec,2023-05-01,5194.78,10977.94,2505.36,active
OK-1017,Comanche Resources,Anadarko,Springer,2025-06-01,3021.12,7669.55,2453.91,active
OK-1000,Kirkpatrick Oil,SCOOP,Woodford,2023-02-01,4982.95,10488.1,2604.77,active
OK-1023,Mewbourne Oil,Anadarko,Osage,2025-06-01,4257.54,9251.24,5067.76,active
OK-1025,Kirkpatrick Oil,STACK,Springer,2024-05-01,3033.9,5528.29,1720.2,active
OK-1002,Comanche Resources,Anadarko,Meramec,2023-08-01,8596.65,32720.29,1811.46,active
OK-1017,Comanche Resources,Anadarko,Springer,2024-01-01,4995.48,12518.53,2614.22,active
OK-1026,Crawley Petroleum,Anadarko,Meramec,2024-08-01,2260.88,5235.46,605.09,active
OK-1024,Casillas Petroleum,SCOOP,Woodford,2023-04-01,9151.15,35122.98,5907.79,active
OK-1010,Kirkpatrick Oil,STACK,Meramec,2025-03-01,3023.07,5911.41,2988.42,active
OK-1029,Casillas Petroleum,Anadarko,Springer,2025-01-01,3106.5,9072.53,818.31,active
OK-1022,Comanche Resources,STACK,Meramec,2024-02-01,5302.38,12320.92,3285.45,active
OK-1014,Casillas Petroleum,Anadarko,Meramec,2023-06-01,9534.8,22434.49,3127.1,active
OK-1007,Comanche Resources,STACK,Osage,2024-05-01,6852.7,16163.43,5548.62,active
OK-1025,Kirkpatrick Oil,STACK,Springer,2025-08-01,2060.85,4370.54,1553.52,active
OK-1012,Comanche Resources,SCOOP,Woodford,2023-10-01,3181.94,9608.1,953.31,active
OK-1013,Mewbourne Oil,STACK,Springer,2025-05-01,4147.67,13272.3,3651.85,active
OK-1023,Mewbourne Oil,Anadarko,Osage,2023-01-01,10977.15,21511.62,5631.64,active
OK-1003,Mewbourne Oil,SCOOP,Osage,2023-06-01,4905.09,12059.37,1558.05,active
OK-1019,Casillas Petroleum,STACK,Osage,2023-07-01,6794.53,26778.72,1516.03,active
OK-1006,Crawley Petroleum,SCOOP,Meramec,2024-06-01,3473.5,7400.33,1947.05,active
OK-1027,Comanche Resources,SCOOP,Osage,2024-05-01,2954.55,10916.03,1779.84,active
OK-1016,Crawley Petroleum,STACK,Woodford,2025-08-01,2285.49,6733.55,2456.76,active
OK-1018,Mewbourne Oil,SCOOP,Meramec,2024-12-01,2084.28,5243.72,569.27,active
OK-1010,Kirkpatrick Oil,STACK,Meramec,2024-02-01,4630.16,9039.93,3415.56,active
OK-1022,Comanche Resources,STACK,Meramec,2025-10-01,2835.58,6043.9,3200.78,active
OK-1018,Mewbourne Oil,SCOOP,Meramec,2024-04-01,4266.05,10990.37,1346.56,active
OK-1026,Crawley Petroleum,Anadarko,Meramec,2025-01-01,1395.81,3351.81,1640.78,active
OK-1006,Crawley Petroleum,SCOOP,Meramec,2024-07-01,3540.97,7067.43,2207.35,active
OK-1022,Comanche Resources,STACK,Meramec,2025-02-01,3560.1,8724.75,2731.06,active
OK-1024,Casillas Petroleum,SCOOP,Woodford,2025-07-01,0.0,0.0,0.0,inactive
OK-1018,Mewbourne Oil,SCOOP,Meramec,2025-05-01,1876.72,4094.88,749.1,active
OK-1008,Mewbourne Oil,Anadarko,Woodford,2025-07-01,1371.17,3423.5,683.17,active
OK-1018,Mewbourne Oil,SCOOP,Meramec,2023-01-01,10425.27,24345.46,1947.31,active
OK-1011,Crawley Petroleum,Anadarko,Osage,2024-03-01,4302.07,8666.26,2662.58,active
OK-1028,Mewbourne Oil,STACK,Woodford,2023-10-01,6260.09,15486.75,3168.13,active
OK-1019,Casillas Petroleum,STACK,Osage,2025-01-01,3523.18,12101.31,918.49,active
OK-1009,Casillas Petroleum,SCOOP,Springer,2025-12-01,2430.58,7808.81,1696.47,active
OK-1007,Comanche Resources,STACK,Osage,2023-08-01,7993.1,19782.42,5151.28,active
OK-1020,Kirkpatrick Oil,Anadarko,Woodford,2024-12-01,6703.6,18688.62,3265.27,active
OK-1017,Comanche Resources,Anadarko,Springer,2024-04-01,4351.08,9520.87,2875.66,active
OK-1017,Comanche Resources,Anadarko,Springer,2024-09-01,4055.07,11109.95,2838.41,active
OK-1007,Comanche Resources,STACK,Osage,2025-08-01,5329.13,11781.36,5488.48,active
OK-1010,Kirkpatrick Oil,STACK,Meramec,2024-05-01,3789.14,7791.67,3254.79,active
OK-1010,Kirkpatrick Oil,STACK,Meramec,2025-01-01,3178.46,5971.06,2775.8,active
OK-1006,Crawley Petroleum,SCOOP,Meramec,2023-10-01,4360.71,8130.32,2237.41,active
OK-1029,Casillas Petroleum,Anadarko,Springer,2024-01-01,5021.05,18953.3,824.3,active
OK-1025,Kirkpatrick Oil,STACK,Springer,2025-02-01,2515.96,4764.77,1666.07,active
OK-1013,Mewbourne Oil,STACK,Springer,2023-05-01,9439.88,29541.78,5313.69,active
OK-1009,Casillas Petroleum,SCOOP,Springer,2025-01-01,2917.47,9187.36,1698.34,active
OK-1014,Casillas Petroleum,Anadarko,Meramec,2023-02-01,10827.62,25763.05,4546.04,active
OK-1017,Comanche Resources,Anadarko,Springer,2025-04-01,3042.31,8147.07,2421.34,active
OK-1029,Casillas Petroleum,Anadarko,Springer,2025-08-01,2633.75,7872.28,683.21,active
OK-1022,Comanche Resources,STACK,Meramec,2023-05-01,8699.25,20011.42,4059.38,active
OK-1009,Casillas Petroleum,SCOOP,Springer,2024-05-01,3511.38,11683.96,2324.81,active
OK-1015,Kirkpatrick Oil,SCOOP,Osage,2024-04-01,5847.38,16657.97,3769.76,active
OK-1017,Comanche Resources,Anadarko,Springer,2023-08-01,6245.65,14672.15,3518.14,active
OK-1029,Casillas Petroleum,Anadarko,Springer,2024-02-01,4514.21,14326.05,767.2,active
OK-1025,Kirkpatrick Oil,STACK,Springer,2024-02-01,3197.21,6631.86,2138.29,active
OK-1017,Comanche Resources,Anadarko,Springer,2025-10-01,2639.03,6145.55,2396.59,active
OK-1026,Crawley Petroleum,Anadarko,Meramec,2025-05-01,1238.24,3140.02,1581.17,active
OK-1015,Kirkpatrick Oil,SCOOP,Osage,2024-05-01,5814.81,16008.08,3611.81,active
OK-1018,Mewbourne Oil,SCOOP,Meramec,2025-10-01,1715.62,3755.36,707.05,active
OK-1016,Crawley Petroleum,STACK,Woodford,2023-02-01,8044.25,21366.29,5381.25,active
OK-1022,Comanche Resources,STACK,Meramec,2023-03-01,10189.59,24586.53,4465.9,active
OK-1002,Comanche Resources,Anadarko,Meramec,2024-03-01,5060.6,18029.87,1182.97,active
OK-1006,Crawley Petroleum,SCOOP,Meramec,2025-04-01,2810.68,5449.44,1473.59,active
OK-1019,Casillas Petroleum,STACK,Osage,2024-02-01,5793.28,19470.89,1672.32,active
OK-1027,Comanche Resources,SCOOP,Osage,2024-10-01,2393.63,7773.56,1627.6,active
OK-1004,Casillas Petroleum,STACK,Woodford,2024-05-01,5898.39,16316.37,7157.82,active
OK-1014,Casillas Petroleum,Anadarko,Meramec,2024-09-01,5743.48,14725.66,3139.92,active
OK-1000,Kirkpatrick Oil,SCOOP,Woodford,2025-12-01,1621.92,3291.77,1512.3,active
OK-1015,Kirkpatrick Oil,SCOOP,Osage,2023-01-01,10712.46,24863.92,4415.78,active
OK-1004,Casillas Petroleum,STACK,Woodford,2025-04-01,4330.05,12122.78,4830.9,active
OK-1018,Mewbourne Oil,SCOOP,Meramec,2023-07-01,6974.44,16451.52,1362.46,active
OK-1028,Mewbourne Oil,STACK,Woodford,2023-02-01,11778.95,33093.79,5337.22,active
OK-1027,Comanche Resources,SCOOP,Osage,2023-05-01,5116.14,16627.71,2436.87,active
OK-1026,Crawley Petroleum,Anadarko,Meramec,2025-06-01,1128.07,3372.58,1261.95,active
OK-1013,Mewbourne Oil,STACK,Springer,2024-05-01,5650.29,18753.64,3834.48,active
OK-1020,Kirkpatrick Oil,Anadarko,Woodford,2024-01-01,7788.99,32443.99,4335.57,active
OK-1024,Casillas Petroleum,SCOOP,Woodford,2025-11-01,0.0,0.0,0.0,inactive
OK-1002,Comanche Resources,Anadarko,Meramec,2025-01-01,3027.29,11114.33,919.45,active
OK-1015,Kirkpatrick Oil,SCOOP,Osage,2024-12-01,4815.58,11749.6,3712.58,active
OK-1006,Crawley Petroleum,SCOOP,Meramec,2025-02-01,3063.55,5365.73,2257.2,active
OK-1020,Kirkpatrick Oil,Anadarko,Woodford,2024-10-01,5913.01,23091.3,3119.01,active
OK-1023,Mewbourne Oil,Anadarko,Osage,2025-11-01,3750.4,6852.28,4881.06,active
OK-1015,Kirkpatrick Oil,SCOOP,Osage,2025-11-01,4356.21,13226.18,3895.11,active
OK-1019,Casillas Petroleum,STACK,Osage,2023-06-01,7173.94,23360.16,1036.84,active
OK-1012,Comanche Resources,SCOOP,Woodford,2025-05-01,2070.1,6871.25,1070.53,active
OK-1024,Casillas Petroleum,SCOOP,Woodford,2025-03-01,3385.49,13708.01,4003.66,active
OK-1015,Kirkpatrick Oil,SCOOP,Osage,2024-02-01,6263.32,17586.32,3141.27,active
OK-1023,Mewbourne Oil,Anadarko,Osage,2025-05-01,4556.74,9101.33,5094.33,active
OK-1027,Comanche Resources,SCOOP,Osage,2025-02-01,2053.78,7760.79,1456.08,active
OK-1005,Kirkpatrick Oil,Anadarko,Springer,2025-04-01,3886.66,7984.62,2755.56,active
OK-1010,Kirkpatrick Oil,STACK,Meramec,2025-09-01,2737.44,4892.97,2182.89,active
OK-1022,Comanche Resources,STACK,Meramec,2023-02-01,11530.1,23774.12,6027.63,active
OK-1024,Casillas Petroleum,SCOOP,Woodford,2023-06-01,7760.48,27658.07,5573.65,active
OK-1011,Crawley Petroleum,Anadarko,Osage,2023-02-01,6261.25,12566.32,5025.1,active
OK-1021,Crawley Petroleum,SCOOP,Springer,2023-10-01,4260.2,9621.01,2125.03,active
OK-1026,Crawley Petroleum,Anadarko,Meramec,2025-07-01,1134.36,2870.1,1056.45,active
OK-1006,Crawley Petroleum,SCOOP,Meramec,2023-03-01,5649.72,10055.22,3036.59,active
OK-1000,Kirkpatrick Oil,SCOOP,Woodford,2023-05-01,4030.12,7453.45,2542.77,active
OK-1021,Crawley Petroleum,SCOOP,Springer,2023-12-01,3678.2,8422.75,1895.54,active
OK-1017,Comanche Resources,Anadarko,Springer,2025-07-01,2911.22,7753.33,2426.55,active
OK-1028,Mewbourne Oil,STACK,Woodford,2023-09-01,8052.89,22891.73,3376.93,active
OK-1026,Crawley Petroleum,Anadarko,Meramec,2023-06-01,4267.18,9939.91,684.19,active
OK-1017,Comanche Resources,Anadarko,Springer,2023-01-01,9327.67,20794.07,4465.37,active
OK-1020,Kirkpatrick Oil,Anadarko,Woodford,2024-06-01,6336.1,23331.89,3605.94,active
OK-1015,Kirkpatrick Oil,SCOOP,Osage,2023-07-01,8203.14,24219.72,4401.73,active
OK-1020,Kirkpatrick Oil,Anadarko,Woodford,2023-05-01,9839.81,34492.03,4235.23,active
OK-1029,Casillas Petroleum,Anadarko,Springer,2025-06-01,2474.7,7653.04,752.91,active
OK-1018,Mewbourne Oil,SCOOP,Meramec,2025-12-01,1587.41,3494.21,645.21,active
OK-1002,Comanche Resources,Anadarko,Meramec,2025-04-01,,,,active
OK-1022,Comanche Resources,STACK,Meramec,2023-12-01,5261.95,10998.52,3696.38,active
OK-1020,Kirkpatrick Oil,Anadarko,Woodford,2023-07-01,8886.77,33759.58,3333.75,active
OK-1015,Kirkpatrick Oil,SCOOP,Osage,2025-10-01,3854.86,10702.49,3031.08,active
OK-1011,Crawley Petroleum,Anadarko,Osage,2023-11-01,4690.77,9642.53,4158.4,active
OK-1013,Mewbourne Oil,STACK,Springer,2025-11-01,3742.22,10749.34,4267.72,active
OK-1001,Crawley Petroleum,STACK,Springer,2023-11-01,5097.64,9917.99,3983.85,active
OK-1000,Kirkpatrick Oil,SCOOP,Woodford,2025-09-01,1678.53,3642.37,1713.31,active
OK-1025,Kirkpatrick Oil,STACK,Springer,2025-05-01,2270.26,4966.39,1644.09,active
OK-1021,Crawley Petroleum,SCOOP,Springer,2024-11-01,2350.6,5876.42,1593.63,active
OK-1023,Mewbourne Oil,Anadarko,Osage,2023-11-01,7691.42,16161.83,6936.86,active
OK-1005,Kirkpatrick Oil,Anadarko,Springer,2024-10-01,4007.24,7464.78,3158.94,active
OK-1003,Mewbourne Oil,SCOOP,Osage,2025-04-01,2249.34,6213.02,1095.45,active
OK-1000,Kirkpatrick Oil,SCOOP,Woodford,2025-04-01,1789.68,3953.63,1567.67,active
OK-1027,Comanche Resources,SCOOP,Osage,2025-04-01,2183.54,8128.77,1698.82,active
OK-1006,Crawley Petroleum,SCOOP,Meramec,2024-04-01,3126.6,5799.91,2010.8,active
OK-1013,Mewbourne Oil,STACK,Springer,2024-10-01,5085.6,17782.8,3643.07,active
OK-1021,Crawley Petroleum,SCOOP,Springer,2024-04-01,3222.85,6745.51,1894.19,active
OK-1010,Kirkpatrick Oil,STACK,Meramec,2024-07-01,4155.33,7947.92,2988.64,active
OK-1008,Mewbourne Oil,Anadarko,Woodford,2023-02-01,5413.41,15075.18,1677.94,active
OK-1011,Crawley Petroleum,Anadarko,Osage,2024-11-01,3671.86,7229.37,3577.14,active
OK-1018,Mewbourne Oil,SCOOP,Meramec,2025-03-01,2009.28,4678.79,687.96,active
OK-1010,Kirkpatrick Oil,STACK,Meramec,2025-08-01,2746.97,5532.82,2643.96,active
OK-1016,Crawley Petroleum,STACK,Woodford,2024-05-01,5450.51,11512.95,4326.19,active
OK-1013,Mewbourne Oil,STACK,Springer,2025-07-01,4241.13,11132.4,4369.62,active
OK-1003,Mewbourne Oil,SCOOP,Osage,2025-08-01,1945.43,4296.2,858.48,active
OK-1001,Crawley Petroleum,STACK,Springer,2025-02-01,3918.68,7469.42,3948.78,active
OK-1013,Mewbourne Oil,STACK,Springer,2023-04-01,9910.69,31645.88,5491.43,active
OK-1017,Comanche Resources,Anadarko,Springer,2025-12-01,2686.02,6131.92,2061.73,active
OK-1003,Mewbourne Oil,SCOOP,Osage,2024-10-01,2283.31,5264.82,884.1,active
OK-1029,Casillas Petroleum,Anadarko,Springer,2025-03-01,3115.53,9380.95,853.81,active
OK-1014,Casillas Petroleum,Anadarko,Meramec,2024-05-01,6155.48,15507.19,3242.22,active
OK-1023,Mewbourne Oil,Anadarko,Osage,2023-10-01,7719.98,13852.91,7557.96,active
OK-1029,Casillas Petroleum,Anadarko,Springer,2024-06-01,3978.75,13035.94,1010.43,active
OK-1001,Crawley Petroleum,STACK,Springer,2025-04-01,3520.45,5889.55,4327.24,active
OK-1022,Comanche Resources,STACK,Meramec,2024-08-01,4261.63,8082.65,3410.73,active
OK-1000,Kirkpatrick Oil,SCOOP,Woodford,2024-03-01,2724.43,5777.81,1817.82,active
OK-1004,Casillas Petroleum,STACK,Woodford,2024-02-01,6386.31,18540.46,7151.66,active
OK-1001,Crawley Petroleum,STACK,Springer,2023-04-01,6427.82,12885.08,5564.71,active
OK-1013,Mewbourne Oil,STACK,Springer,2025-01-01,4745.42,16790.55,3064.63,active
OK-1010,Kirkpatrick Oil,STACK,Meramec,2024-08-01,3521.45,7206.74,2822.09,active
OK-1005,Kirkpatrick Oil,Anadarko,Springer,2023-09-01,6123.19,11023.79,3300.61,active
OK-1021,Crawley Petroleum,SCOOP,Springer,2023-07-01,4509.95,10421.67,1971.12,active
OK-1006,Crawley Petroleum,SCOOP,Meramec,2023-02-01,5431.82,10185.28,2574.34,active
OK-1025,Kirkpatrick Oil,STACK,Springer,2024-09-01,2485.39,4665.3,1585.65,active
OK-1021,Crawley Petroleum,SCOOP,Springer,2025-11-01,1617.75,3803.99,985.38,active
OK-1001,Crawley Petroleum,STACK,Springer,2024-04-01,5641.21,11936.13,5146.17,active
OK-1024,Casillas Petroleum,SCOOP,Woodford,2024-02-01,5002.3,19912.28,5516.39,active
OK-1009,Casillas Petroleum,SCOOP,Springer,2024-03-01,3648.22,12047.18,1999.85,active
OK-1020,Kirkpatrick Oil,Anadarko,Woodford,2025-04-01,4098.09,14096.37,5726.3,active
OK-1019,Casillas Petroleum,STACK,Osage,2025-11-01,2782.06,9306.43,1040.61,active
OK-1020,Kirkpatrick Oil,Anadarko,Woodford,2023-04-01,9799.23,28005.25,3175.53,active
OK-1008,Mewbourne Oil,Anadarko,Woodford,2023-09-01,2988.19,7756.41,1094.47,active
OK-1019,Casillas Petroleum,STACK,Osage,2024-05-01,4765.03,14136.4,1207.85,active
OK-1007,Comanche Resources,STACK,Osage,2023-01-01,10392.18,24930.95,6295.89,active
OK-1020,Kirkpatrick Oil,Anadarko,Woodford,2023-06-01,10458.54,37164.91,3975.39,active
OK-1012,Comanche Resources,SCOOP,Woodford,2025-06-01,1992.9,6062.28,857.74,active
OK-1012,Comanche Resources,SCOOP,Woodford,2024-12-01,2371.51,6478.55,948.13,active
OK-1007,Comanche Resources,STACK,Osage,2024-08-01,5959.56,13421.81,5023.22,active
OK-1022,Comanche Resources,STACK,Meramec,2024-11-01,4066.39,10134.8,3236.62,active
OK-1023,Mewbourne Oil,Anadarko,Osage,2025-10-01,4575.49,8744.85,4964.35,active
OK-1007,Comanche Resources,STACK,Osage,2024-07-01,6661.59,15243.07,6366.16,active
OK-1027,Comanche Resources,SCOOP,Osage,2024-11-01,2412.01,7650.21,1840.67,active
OK-1005,Kirkpatrick Oil,Anadarko,Springer,2024-11-01,3702.16,8223.96,3224.96,active
OK-1004,Casillas Petroleum,STACK,Woodford,2024-07-01,4968.66,12927.06,4348.52,active
OK-1020,Kirkpatrick Oil,Anadarko,Woodford,2023-09-01,9071.14,35366.7,4050.26,active
OK-1011,Crawley Petroleum,Anadarko,Osage,2023-06-01,4957.32,12504.55,4021.76,active
OK-1019,Casillas Petroleum,STACK,Osage,2024-06-01,4585.12,18193.55,1278.35,active
OK-1015,Kirkpatrick Oil,SCOOP,Osage,2025-02-01,4723.57,13617.18,2870.34,active
OK-1028,Mewbourne Oil,STACK,Woodford,2024-02-01,6113.51,16222.86,3084.23,active
OK-1028,Mewbourne Oil,STACK,Woodford,2024-06-01,6632.26,17617.22,3673.4,active
OK-1005,Kirkpatrick Oil,Anadarko,Springer,2025-03-01,3710.98,7966.55,2722.19,active
OK-1000,Kirkpatrick Oil,SCOOP,Woodford,2025-11-01,1601.83,3256.0,1630.49,active
OK-1021,Crawley Petroleum,SCOOP,Springer,2024-07-01,2683.15,5993.37,1900.26,active
OK-1014,Casillas Petroleum,Anadarko,Meramec,2023-05-01,8523.3,21161.53,3490.19,active
OK-1029,Casillas Petroleum,Anadarko,Springer,2024-12-01,2970.64,9537.99,816.7,active
OK-1002,Comanche Resources,Anadarko,Meramec,2024-09-01,1642.73,5407.04,437.24,active
OK-1024,Casillas Petroleum,SCOOP,Woodford,2025-09-01,0.0,0.0,0.0,inactive
OK-1015,Kirkpatrick Oil,SCOOP,Osage,2025-01-01,5720.73,17121.95,3328.2,active
OK-1021,Crawley Petroleum,SCOOP,Springer,2024-08-01,2769.02,6178.19,1603.25,active
OK-1006,Crawley Petroleum,SCOOP,Meramec,2025-03-01,2963.08,4967.13,2578.67,active
OK-1000,Kirkpatrick Oil,SCOOP,Woodford,2024-02-01,2812.67,5730.52,2162.35,active
OK-1008,Mewbourne Oil,Anadarko,Woodford,2025-05-01,1441.53,3684.46,699.06,active
OK-1016,Crawley Petroleum,STACK,Woodford,2025-01-01,2436.0,7263.24,2139.82,active
OK-1010,Kirkpatrick Oil,STACK,Meramec,2025-04-01,2927.31,6477.81,1902.09,active
OK-1004,Casillas Petroleum,STACK,Woodford,2024-12-01,4368.85,12440.35,3885.03,active
OK-1023,Mewbourne Oil,Anadarko,Osage,2023-12-01,7232.85,15598.03,5126.52,active
OK-1000,Kirkpatrick Oil,SCOOP,Woodford,2024-09-01,2230.06,4989.02,1823.58,active
OK-1017,Comanche Resources,Anadarko,Springer,2025-11-01,2427.67,5356.78,2231.43,active
OK-1023,Mewbourne Oil,Anadarko,Osage,2023-03-01,9814.08,21493.95,5286.47,active
OK-1015,Kirkpatrick Oil,SCOOP,Osage,2024-11-01,5434.37,15782.75,3730.57,active
OK-1029,Casillas Petroleum,Anadarko,Springer,2023-12-01,5401.61,15339.94,1058.31,active
OK-1019,Casillas Petroleum,STACK,Osage,2023-02-01,8812.76,29965.65,953.98,active
OK-1026,Crawley Petroleum,Anadarko,Meramec,2024-09-01,2284.5,5667.77,640.52,active
OK-1005,Kirkpatrick Oil,Anadarko,Springer,2023-11-01,5646.64,10908.46,3511.32,active
OK-1027,Comanche Resources,SCOOP,Osage,2023-03-01,6123.93,21874.58,2554.33,active
OK-1019,Casillas Petroleum,STACK,Osage,2024-03-01,4851.98,17661.61,1253.22,active
OK-1014,Casillas Petroleum,Anadarko,Meramec,2023-07-01,8694.99,18145.3,4327.8,active
OK-1013,Mewbourne Oil,STACK,Springer,2023-07-01,9187.35,27743.39,4602.67,active
OK-1023,Mewbourne Oil,Anadarko,Osage,2025-04-01,5105.97,9183.19,5818.4,active
OK-1020,Kirkpatrick Oil,Anadarko,Woodford,2025-03-01,4045.97,14062.08,7104.71,active
OK-1007,Comanche Resources,STACK,Osage,2023-02-01,10975.83,26491.37,7034.94,active
OK-1000,Kirkpatrick Oil,SCOOP,Woodford,2024-10-01,2151.25,4434.67,1626.52,active
OK-1012,Comanche Resources,SCOOP,Woodford,2025-04-01,1898.86,5833.07,775.7,active
OK-1007,Comanche Resources,STACK,Osage,2025-02-01,5228.25,14254.24,4832.13,active
OK-1026,Crawley Petroleum,Anadarko,Meramec,2024-07-01,2277.03,5258.9,545.89,active
OK-1010,Kirkpatrick Oil,STACK,Meramec,2025-02-01,3100.31,7184.16,2568.55,active
OK-1022,Comanche Resources,STACK,Meramec,2024-01-01,5789.57,15204.71,3185.9,active
OK-1009,Casillas Petroleum,SCOOP,Springer,2024-09-01,2913.76,9220.41,1688.52,active
OK-1021,Crawley Petroleum,SCOOP,Springer,2024-01-01,3610.43,8625.57,1740.62,active
OK-1003,Mewbourne Oil,SCOOP,Osage,2024-12-01,2263.25,5525.13,827.87,active
OK-1024,Casillas Petroleum,SCOOP,Woodford,2023-07-01,7213.04,26291.79,6274.98,active
OK-1002,Comanche Resources,Anadarko,Meramec,2024-05-01,,,,active
OK-1009,Casillas Petroleum,SCOOP,Springer,2023-08-01,4234.69,13305.19,2211.13,active
OK-1012,Comanche Resources,SCOOP,Woodford,2025-11-01,1751.07,4710.76,637.65,active
OK-1003,Mewbourne Oil,SCOOP,Osage,2024-03-01,3054.33,7124.93,901.38,active
OK-1029,Casillas Petroleum,Anadarko,Springer,2023-01-01,9609.99,29915.39,1418.31,active
OK-1023,Mewbourne Oil,Anadarko,Osage,2025-08-01,4017.99,8027.77,4145.76,active
